original_url,original_text,original_geocodeable_address,lat,lon,formatted,name,housenumber,street,postcode,district,suburb,county,county_code,state,confidence_street_level,state_code,city,country,country_code,confidence,confidence_city_level,attribution,attribution_license,attribution_url
tumblr_n7chjr56xh1t33i1xo2_1280.jpg,　町田市　公園遊具. http://fujio-panda.com,町田市,35.5466803,139.4386999,"町田市, 日本",,,,,,,,,,,,町田市,日本,jp,1,1,© OpenStreetMap contributors,Open Database License,https://www.openstreetmap.org/copyright
tumblr_n5wg17nyNJ1t33i1xo1_1280.jpg,文京区湯島新花公園. http://fujio-panda.com,文京区湯島新花公園,35.70694655,139.7664161449801,"新花公園, 湯島, 文京区, 日本",新花公園,,,,,湯島,,,,,,文京区,日本,jp,1,1,© OpenStreetMap contributors,Open Database License,https://www.openstreetmap.org/copyright
tumblr_n5csof16hm1t33i1xo1_r1_1280.jpg,公園遊具　港区　北青山三丁目児童公園. http://fujio-panda.com,港区北青山三丁目児童公園,,,,,,,,,,,,,,,,,,,,,,
tumblr_mxkn5t7DNH1t33i1xo1_1280.jpg,　公園遊具　葛飾区　南水元公園. http://fujio-panda.com,葛飾区南水元公園,35.77464225,139.86380289161318,"南水元けやき公園, 南水元, 葛飾区, 日本",南水元けやき公園,,,,,南水元,,,,,,葛飾区,日本,jp,0.95,1,© OpenStreetMap contributors,Open Database License,https://www.openstreetmap.org/copyright
tumblr_mxczd4kSpe1t33i1xo1_r1_1280.jpg,　公園遊具　葛飾区　水元公園　. http://fujio-panda.com,葛飾区水元公園,35.78784455,139.8694186452554,"水元公園, 葛飾区, 埼玉県, 日本",水元公園,,,,,,埼玉県,,,,,葛飾区,日本,jp,1,1,© OpenStreetMap contributors,Open Database License,https://www.openstreetmap.org/copyright
tumblr_mwnprp15Q51t33i1xo1_r1_1280.jpg,公園遊具　葛飾区. http://fujio-panda.com,葛飾区,35.7433912,139.8473472,"葛飾区, 日本",,,,,,,,,,,,葛飾区,日本,jp,1,1,© OpenStreetMap contributors,Open Database License,https://www.openstreetmap.org/copyright
tumblr_nygd5pKuXX1t33i1xo1_1280.jpg,埼玉県鴻巣市ひばり野あじさい公園. http://fujio-panda.com,埼玉県鴻巣市ひばり野あじさい公園,35.827419,139.903016,"あじさい公園, 松戸市, CH 270-0163, 日本",あじさい公園,,,270-0163,,,松戸市,MT,千葉,,CH,松戸市,日本,jp,0.95,,© OpenStreetMap contributors,Open Database License,https://www.openstreetmap.org/copyright
tumblr_nx9mefpWqB1t33i1xo1_1280.jpg,横浜市神奈川区大口公園. http://fujio-panda.com,横浜市神奈川区大口公園,35.48969225,139.64402418533132,"大口公園, おおぐち通商店街, 神奈川区, 横浜市, 大口通 231-0017, 日本",大口公園,,おおぐち通商店街,231-0017,大口通,神奈川区,神奈川県,,,,,横浜市,日本,jp,1,1,© OpenStreetMap contributors,Open Database License,https://www.openstreetmap.org/copyright
tumblr_nwjtsfHPfM1t33i1xo1_r1_1280.jpg,兵庫県神戸市中央区 HATゆめ公園. http://fujio-panda.com,兵庫県神戸市中央区HATゆめ公園,34.6935677,135.20473829132771,"HATゆめ公園, 中央区, 神戸市, 兵庫県, 日本",HATゆめ公園,,,,真砂通二丁目,中央区,兵庫県,,,,,神戸市,日本,jp,0.95,,© OpenStreetMap contributors,Open Database License,https://www.openstreetmap.org/copyright
tumblr_nw77i4QBig1t33i1xo1_1280.jpg,大阪府八尾市久宝寺緑地. http://fujio-panda.com,大阪府八尾市久宝寺緑地,34.6323408,135.57814198520376,"久宝寺緑地, 平野区, 東大阪市, 大阪府, 日本",久宝寺緑地,,,,,平野区,大阪府,,,,,東大阪市,日本,jp,0.95,0.9025,© OpenStreetMap contributors,Open Database License,https://www.openstreetmap.org/copyright
tumblr_nu4mfwhtBt1t33i1xo1_1280.jpg,沖縄県那覇市三重城団地内 http://fujio-panda.com,沖縄県那覇市三重城団地,26.2122345,127.6791452,"那覇市, 日本",,,,900-8585,,,沖縄県,,,,,那覇市,日本,jp,0.25,1,© OpenStreetMap contributors,Open Database License,https://www.openstreetmap.org/copyright
tumblr_nrejrvsIJk1t33i1xo1_1280.jpg,札幌市 西区 農試公園. http://fujio-panda.com,札幌市西区農試公園,43.08877585,141.3033784947734,"農試公園, 西区, 札幌市, 北海道, 日本",農試公園,,,,,西区,北海道,,石狩振興局,0.95,,札幌市,日本,jp,0,,© OpenStreetMap contributors,Open Database License,https://www.openstreetmap.org/copyright
tumblr_nr787lf56z1t33i1xo1_1280.jpg,北海道 恵庭市　こまば公園. http://fujio-panda.com,北海道恵庭市こまば公園,42.8736976,141.58149637849397,"こまば公園, 恵庭市, 北海道, 日本",こまば公園,,,,駒場町一丁目,,北海道,,石狩振興局,,,恵庭市,日本,jp,1,1,© OpenStreetMap contributors,Open Database License,https://www.openstreetmap.org/copyright
tumblr_nnnga7fJFP1t33i1xo1_1280.jpg," 藤沢市後河内公園. http://fujio-panda.com",藤沢市後河内公園,,,,,,,,,,,,,,,,,,,,,,
tumblr_nm7i4tT4yx1t33i1xo1_1280.jpg,　埼玉県上尾市浅間台第二公園. http://fujio-panda.com,埼玉県上尾市浅間台第二公園,34.2055469,131.6672587,"市 (山口市), 日本",,,,,,,山口県,,,,,山口市,日本,jp,0.2375,0.95,© OpenStreetMap contributors,Open Database License,https://www.openstreetmap.org/copyright
tumblr_nk26o0tvEA1t33i1xo1_1280.jpg," 千葉県柏市 北柏第一公園. http://fujio-panda.com",千葉県柏市北柏第一公園,34.2055469,131.6672587,"市 (山口市), 日本",,,,,,,山口県,,,,,山口市,日本,jp,0.2375,0.95,© OpenStreetMap contributors,Open Database License,https://www.openstreetmap.org/copyright
tumblr_njbpomTLaO1t33i1xo1_1280.jpg," 茨城県日立市　県営浜の宮アパート. http://fujio-panda.com",茨城県日立市県営浜の宮アパート,36.5991225,140.6504604,"日立市, 日本",,,,,,,茨城県,,,,,日立市,日本,jp,0.25,1,© OpenStreetMap contributors,Open Database License,https://www.openstreetmap.org/copyright
tumblr_niev3o7h1q1t33i1xo2_1280.jpg," 埼玉県宮代町姫宮イカ公園. http://fujio-panda.com",埼玉県宮代町姫宮イカ公園,36.0227087,139.722628,"宮代町 (宮代町), 日本",,,,,,,南埼玉郡,,,,,宮代町,日本,jp,0.2375,0.95,© OpenStreetMap contributors,Open Database License,https://www.openstreetmap.org/copyright
tumblr_ng7tlca7wK1t33i1xo1_1280.jpg,練馬区豊玉公園. http://fujio-panda.com,練馬区豊玉公園,35.73374405,139.65130518441657,"豊玉公園, 3, 練馬区, 練馬区, 176-0012, 日本",豊玉公園,3,,176-0012,,練馬区,,,,,,練馬区,日本,jp,1,1,© OpenStreetMap contributors,Open Database License,https://www.openstreetmap.org/copyright
tumblr_ng2ar02AKZ1t33i1xo1_1280.jpg," 柏市柏公園. http://fujio-panda.com",柏市柏公園,35.86769585,139.98323225222396,"柏公園, 柏市, 千葉県, 日本",柏公園,,,,柏下,,千葉県,,,,,柏市,日本,jp,0.95,,© OpenStreetMap contributors,Open Database License,https://www.openstreetmap.org/copyright
tumblr_nfvlqpLG5L1t33i1xo1_1280.jpg,中野区みはと公園   http://fujio-panda.com,中野区みはと公園,,,,,,,,,,,,,,,,,,,,,,
tumblr_nflp13M6Xq1t33i1xo3_1280.jpg,"  群馬県伊勢崎市華蔵寺公園・群馬県前橋市荒牧町公園. ホームページ http://fujio-panda.com",群馬県伊勢崎市華蔵寺公園,36.34251785,139.195716492835,"華蔵寺公園, 伊勢崎市, 群馬県, 日本",華蔵寺公園,,,,,,群馬県,,,,,伊勢崎市,日本,jp,1,1,© OpenStreetMap contributors,Open Database License,https://www.openstreetmap.org/copyright
tumblr_n8cj724A1j1t33i1xo1_1280.jpg," 公園遊具　群馬県前橋市・国領町・広瀬町・六供町. http://fujio-panda.com",群馬県前橋市国領町,36.263388,139.232772,"国領町, 伊勢崎市, 日本",,,,367-0011,,国領町,群馬県,,,,,伊勢崎市,日本,jp,0.95,0.95,© OpenStreetMap contributors,Open Database License,https://www.openstreetmap.org/copyright
tumblr_ofbc83wf4k1t33i1xo1_1280.jpg,茨城県つくば市　どんぐり公園. http://fujio-panda.com,茨城県つくば市どんぐり公園,36.132463599999994,140.08469472276153,"どんぐり公園, つくば市, 茨城県, 日本",どんぐり公園,,,,花畑二丁目,,茨城県,,,,,つくば市,日本,jp,0.95,0.95,© OpenStreetMap contributors,Open Database License,https://www.openstreetmap.org/copyright
tumblr_oeus7vc6Xj1t33i1xo1_1280.jpg,茨城県つくば市 ひだまり公園. http://fujio-panda.com,茨城県つくば市ひだまり公園,36.126129500000005,140.08901328249235,"ひだまり公園, つくば市, 茨城県, 日本",ひだまり公園,,,,花畑一丁目,,茨城県,,,,,つくば市,日本,jp,0.95,0.95,© OpenStreetMap contributors,Open Database License,https://www.openstreetmap.org/copyright
tumblr_od7klkOvXV1t33i1xo1_1280.jpg,千葉県千葉市中央区末広四丁目公園 http://fujio-panda.com,千葉県千葉市中央区末広四丁目公園,35.6706436,139.7719923,"中央区, 日本",,,,,,,,,,,,中央区,日本,jp,0,,© OpenStreetMap contributors,Open Database License,https://www.openstreetmap.org/copyright
tumblr_ocszhbIp221t33i1xo1_1280.jpg,栃木県足利市 毛野団地南児童公園. http://fujio-panda.com,栃木県足利市毛野団地南児童公園,36.3219613,139.49298843303097,"毛野団地南児童公園, 桐生岩舟線バイパス, 足利市, 毛野新町一丁目 326-0022, 日本",毛野団地南児童公園,,桐生岩舟線バイパス,326-0022,毛野新町一丁目,,栃木県,,,,,足利市,日本,jp,1,1,© OpenStreetMap contributors,Open Database License,https://www.openstreetmap.org/copyright
tumblr_ocpeatCRqp1t33i1xo1_1280.jpg,栃木県足利市 毛野団地北児童公園. http://fujio-panda.com,栃木県足利市毛野団地北児童公園,36.3251629,139.4910578012824,"毛野団地北児童公園, 桐生岩舟線バイパス, 足利市, 毛野新町一丁目 326-0022, 日本",毛野団地北児童公園,,桐生岩舟線バイパス,326-0022,毛野新町一丁目,,栃木県,,,,,足利市,日本,jp,1,1,© OpenStreetMap contributors,Open Database License,https://www.openstreetmap.org/copyright
tumblr_oco9u7ty0G1t33i1xo1_640.jpg,東京都町田市つくし野貝がら児童公園. http://fujio-panda.com,東京都町田市つくし野貝がら児童公園,35.5284765,139.48078824797955,"つくし野貝がら児童公園, 町田市, つくし野一丁目, 日本",つくし野貝がら児童公園,,,,つくし野一丁目,,,,,,,町田市,日本,jp,0.95,1,© OpenStreetMap contributors,Open Database License,https://www.openstreetmap.org/copyright
tumblr_oclm7ha2ja1t33i1xo1_1280.jpg,東京都 町田市 つくし野ながぐつ児童公園. http://fujio-panda.com,東京都町田市つくし野ながぐつ児童公園,35.521930499999996,139.4844058511485,"つくし野ながぐつ児童公園, 町田市, つくし野四丁目, 日本",つくし野ながぐつ児童公園,,,,つくし野四丁目,,,,,,,町田市,日本,jp,0.95,1,© OpenStreetMap contributors,Open Database License,https://www.openstreetmap.org/copyright
tumblr_ocenkhExNb1t33i1xo1_1280.jpg,愛知県名古屋市中区 裏門前公園. http://fujio-panda.com/index.html,愛知県名古屋市中区裏門前公園,35.16122205,136.90409597842063,"裏門前公園, 中区, 名古屋市, 愛知県, 日本",裏門前公園,,,,大須三丁目,中区,愛知県,,,,,名古屋市,日本,jp,0.95,,© OpenStreetMap contributors,Open Database License,https://www.openstreetmap.org/copyright
tumblr_o7ppr6rAye1t33i1xo2_1280.jpg,東京都北区南橋公園. http://fujio-panda.com,東京都北区南橋公園,35.00644835,135.7777703,"東大路通, 東山区, 京都市, 石橋町 605-0066, 日本",東大路通,,東大路通,605-0066,石橋町,東山区,京都府,,,0.9025,,京都市,日本,jp,0.45125,0.95,© OpenStreetMap contributors,Open Database License,https://www.openstreetmap.org/copyright
tumblr_o7o0ilhnoH1t33i1xo1_1280.jpg,千葉県千葉市稲毛区作草部南公園  http://fujio-panda.com,千葉県千葉市稲毛区作草部南公園,35.62490845,140.11623726296614,"作草部南公園, 稲毛区, 千葉市, 千葉県, 日本",作草部南公園,,,,作草部二丁目,稲毛区,千葉県,,,,,千葉市,日本,jp,0.95,0.9025,© OpenStreetMap contributors,Open Database License,https://www.openstreetmap.org/copyright
tumblr_o7bqq7ADLA1t33i1xo1_1280.jpg,埼玉県鴻巣市吹上団地テラスハウス内. http://fujio-panda.com,埼玉県鴻巣市吹上団地,36.0657583,139.5221055,"鴻巣市, 日本",,,,,,,埼玉県,,,,,鴻巣市,日本,jp,0.25,1,© OpenStreetMap contributors,Open Database License,https://www.openstreetmap.org/copyright
tumblr_o6xaoeZCTR1t33i1xo1_1280.jpg,栃木県足利市 毛野団地南児童公園  http://fujio-panda.com,栃木県足利市毛野団地南児童公園,36.3219613,139.49298843303097,"毛野団地南児童公園, 桐生岩舟線バイパス, 足利市, 毛野新町一丁目 326-0022, 日本",毛野団地南児童公園,,桐生岩舟線バイパス,326-0022,毛野新町一丁目,,栃木県,,,,,足利市,日本,jp,1,1,© OpenStreetMap contributors,Open Database License,https://www.openstreetmap.org/copyright
tumblr_o6vqs9eTso1t33i1xo1_1280.jpg,東京都中央区越前堀児童公園. http://fujio-panda.com,東京都中央区越前堀児童公園,35.67636965,139.7824440598822,"越前堀児童公園, 新川, 中央区, 日本",越前堀児童公園,,,,,新川,,,,,,中央区,日本,jp,0,,© OpenStreetMap contributors,Open Database License,https://www.openstreetmap.org/copyright
tumblr_o34nzff2pi1t33i1xo1_1280.jpg,　北区 王子6丁目児童遊園. http://fujio-panda.com,北区王子6丁目児童遊園,,,,,,,,,,,,,,,,,,,,,,
tumblr_o1n9v1XgTW1t33i1xo1_r1_1280.jpg,千葉県成田市長原第一児童公園. http://fujio-panda.com,千葉県成田市長原第一児童公園,34.2055469,131.6672587,"市 (山口市), 日本",,,,,,,山口県,,,,,山口市,日本,jp,0.2375,0.95,© OpenStreetMap contributors,Open Database License,https://www.openstreetmap.org/copyright
tumblr_o0gv6uz1b51t33i1xo1_1280.jpg,千葉県松戸市運動公園 http://fujio-panda.com,千葉県松戸市運動公園,35.69116335,140.09632540727458,"運動公園, 花見川区, 千葉市, 花見川 262-0046, 日本",運動公園,,,262-0046,花見川,花見川区,千葉県,,,,,千葉市,日本,jp,1,,© OpenStreetMap contributors,Open Database License,https://www.openstreetmap.org/copyright
tumblr_o028oxYEot1t33i1xo1_1280.jpg,長野県長野市茶臼山恐竜公園   http://fujio-panda.com,長野県長野市茶臼山恐竜公園,34.2055469,131.6672587,"市 (山口市), 日本",,,,,,,山口県,,,,,山口市,日本,jp,0.2375,0.95,© OpenStreetMap contributors,Open Database License,https://www.openstreetmap.org/copyright
tumblr_pc33vzgAVu1t33i1xo1_1280.jpg,東京都世田谷区北烏山  http://fujio-panda.com,東京都世田谷区北烏山,35.676579,139.5976078,"北烏山, 世田谷区, 日本",,,,157-0061,,北烏山,,,,,,世田谷区,日本,jp,0,,© OpenStreetMap contributors,Open Database License,https://www.openstreetmap.org/copyright
tumblr_pb9ijoH2Fe1t33i1xo1_1280.jpg,新潟県新潟市中央区関分記念公園  http://fujio-panda.com,新潟県新潟市中央区関分記念公園,35.6706436,139.7719923,"中央区, 日本",,,,,,,,,,,,中央区,日本,jp,0,,© OpenStreetMap contributors,Open Database License,https://www.openstreetmap.org/copyright
tumblr_pajj8yL5AN1t33i1xo1_1280.jpg,大阪府堺市北区新金岡わんわん公園,大阪府堺市北区新金岡わんわん公園,34.712209,135.50565,"北区, 大阪市, 日本",,,,,,北区,大阪府,,,,,大阪市,日本,jp,0.2375,0.95,© OpenStreetMap contributors,Open Database License,https://www.openstreetmap.org/copyright
tumblr_or7ulmgwXb1t33i1xo1_1280.jpg,ZINE公園遊具シリーズはvol.10まで製作できましたらスペシャルな公園を紹介予定です。,,,,,,,,,,,,,,,,,,,,,,,
tumblr_oqdxqd6OO41t33i1xo1_1280.jpg,大阪府大阪市住之江区 港南中住宅. http://fujio-panda.com,大阪府大阪市住之江区港南中住宅,34.614132,135.466545,"住之江区, 大阪市, 日本",,,,,,住之江区,大阪府,,,,,大阪市,日本,jp,0.225625,0.9025,© OpenStreetMap contributors,Open Database License,https://www.openstreetmap.org/copyright
tumblr_oq4mlqzqAr1t33i1xo1_1280.jpg,大阪府大阪市住吉区我孫子東. http://fujio-panda.com,大阪府大阪市住吉区我孫子東,,,,,,,,,,,,,,,,,,,,,,
tumblr_oq2thbE3PR1t33i1xo1_1280.jpg,大阪府大阪市住吉区杉本1-3. http://fujio-panda.com,大阪府大阪市住吉区杉本1-3,35.617256,139.374148,"3-3, 八王子市, TK 192-0373, 日本",,,3-3,192-0373,,,八王子市,HO,東京,,TK,八王子市,日本,jp,0,0.95,© OpenStreetMap contributors,Open Database License,https://www.openstreetmap.org/copyright
tumblr_opm7uoqJwn1t33i1xo1_1280.jpg,東京都立川市錦第二公園. http://fujio-panda.com/,東京都立川市錦第二公園,35.484411800000004,139.5352661685602,"今宿東町第二公園, 旭区, 横浜市, 今宿東町 241-0032, 日本",今宿東町第二公園,,,241-0032,今宿東町,旭区,神奈川県,,,,,横浜市,日本,jp,0.9025,,© OpenStreetMap contributors,Open Database License,https://www.openstreetmap.org/copyright
tumblr_op0f9aoXtA1t33i1xo1_1280.jpg,北区赤羽三和児童公園. http://fujio-panda.com. 2017　5/2〜5/16　調布市仙川のわいん場にて写真展をします。. http://www.wine-ba.com,北区赤羽三和児童公園,35.774856650000004,139.71538311952037,"赤羽三和児童公園, 赤羽西, 北区, 日本",赤羽三和児童公園,,,,,赤羽西,,,,,,北区,日本,jp,0.95,,© OpenStreetMap contributors,Open Database License,https://www.openstreetmap.org/copyright
tumblr_ooynn9pGqm1t33i1xo1_1280.jpg,愛知県高浜市大坪公園. http://fujio-panda.com. 2017　5/2〜5/16　調布市仙川のわいん場にて写真展をします。. http://www.wine-ba.com,愛知県高浜市大坪公園,34.948656,136.9913096399386,"大坪公園, 八幡町, 高浜市, 愛知県, 日本",大坪公園,,,,,八幡町,愛知県,,,,,高浜市,日本,jp,1,1,© OpenStreetMap contributors,Open Database License,https://www.openstreetmap.org/copyright
tumblr_ooe8dtDvKT1t33i1xo1_1280.jpg,千葉県香取市わんぱく公園. http://fujio-panda.com,千葉県香取市わんぱく公園,35.898383100000004,140.49396633499708,"わんぱく公園, 利根水郷ライン, 香取市, 北二丁目 287-0001, 日本",わんぱく公園,,利根水郷ライン,287-0001,北二丁目,,千葉県,,,,,香取市,日本,jp,1,1,© OpenStreetMap contributors,Open Database License,https://www.openstreetmap.org/copyright
tumblr_ongvljyP1h1t33i1xo1_1280.jpg,愛知県高浜市碧海公園. http://fujio-panda.com,愛知県高浜市碧海公園,34.9203215,136.98386758180388,"碧海公園, 碧海町, 高浜市, 愛知県, 日本",碧海公園,,,,,碧海町,愛知県,,,,,高浜市,日本,jp,1,1,© OpenStreetMap contributors,Open Database License,https://www.openstreetmap.org/copyright
tumblr_omxmclwIrN1t33i1xo1_1280.jpg,千葉県八千代市まどか公園. http://fujio-panda.com,千葉県八千代市まどか公園,35.72645395,140.07628386804774,"まどか公園, 八千代市, 千葉県, 日本",まどか公園,,,,緑が丘三丁目,,千葉県,,,,,八千代市,日本,jp,1,1,© OpenStreetMap contributors,Open Database License,https://www.openstreetmap.org/copyright
tumblr_omvqq3FIft1t33i1xo1_1280.jpg,愛知県岡崎市大樹寺公園. http://fujio-panda.com,愛知県岡崎市大樹寺公園,34.9849313,137.15365327603376,"大樹寺公園, 岡崎市, 愛知県, 日本",大樹寺公園,,,,大門五丁目,,愛知県,,,,,岡崎市,日本,jp,0.95,0.95,© OpenStreetMap contributors,Open Database License,https://www.openstreetmap.org/copyright
tumblr_olp5m3vOFU1t33i1xo1_1280.jpg,東京都港区北青山三丁目児童遊園. http://fujio-panda.com/books.html,東京都港区北青山三丁目児童遊園,,,,,,,,,,,,,,,,,,,,,,
tumblr_olcdraKxll1t33i1xo2_1280.jpg,北海道紋別市ホワイトビーチ　滑り台. http://fujio-panda.com/index.html. 2017.2/27〜3/5 新宿御苑前のレッドフォトギャラリーで公園遊具の写真展をします。 http://photogallery.red,北海道紋別市ホワイトビーチ,44.3565151,143.3545224,"紋別市, オホーツク総合振興局, 日本",,,,,,,北海道,,オホーツク総合振興局,,,紋別市,日本,jp,0.25,1,© OpenStreetMap contributors,Open Database License,https://www.openstreetmap.org/copyright
tumblr_ok4t010jU61t33i1xo1_1280.jpg,沖縄県豊見城市瀬長島カニ公園. http://fujio-panda.com/books.html,沖縄県豊見城市瀬長島カニ公園,26.175610550000002,127.64404632034717,"瀬長島カニ公園, 豊見城市, 901-0292, 日本",瀬長島カニ公園,,,901-0292,,,沖縄県,,,,,豊見城市,日本,jp,0.9025,0.95,© OpenStreetMap contributors,Open Database License,https://www.openstreetmap.org/copyright
tumblr_ofdjg2oqQ81t33i1xo1_1280.jpg,神奈川県平塚市錦町公園. http://fujio-panda.com,神奈川県平塚市錦町公園,35.32606355,139.33988249931323,"錦町公園, 平塚伊勢原線, 平塚市, 錦町 254-0045, 日本",錦町公園,,平塚伊勢原線,254-0045,錦町,,神奈川県,,,,,平塚市,日本,jp,1,1,© OpenStreetMap contributors,Open Database License,https://www.openstreetmap.org/copyright
tumblr_pfou64RBV61s44kd1_1280.jpg,恵比寿のNADiffで10月14日まで僕のZINEフェアをしています。公園遊具シリーズは写真のプリントも販売していますので、興味をお持ちの方は是非ともよろしくお願いいたします。,恵比寿 NADiff,35.6464378,139.7102101,"恵比寿, いなり坂, 恵比寿南, 渋谷区, 恵比寿四丁目 150-0022, 日本",恵比寿,,いなり坂,150-0022,恵比寿四丁目,恵比寿南,,,,,,渋谷区,日本,jp,0.5,,© OpenStreetMap contributors,Open Database License,https://www.openstreetmap.org/copyright
tumblr_pfftyneFKX1s44kd1_1280.jpg,‪恵比寿のNADiffで10月14日まで僕のZINEフェアをしています。公園遊具シリーズは写真のプリントも販売していますので、興味をお持ちの方は是非ともよろしくお願いいたします。‬. ‪,恵比寿 NADiff,35.6464378,139.7102101,"恵比寿, いなり坂, 恵比寿南, 渋谷区, 恵比寿四丁目 150-0022, 日本",恵比寿,,いなり坂,150-0022,恵比寿四丁目,恵比寿南,,,,,,渋谷区,日本,jp,0.5,,© OpenStreetMap contributors,Open Database License,https://www.openstreetmap.org/copyright
tumblr_pfdoc6ScF51s44kd1_1280.jpg,‪恵比寿のNADiffで10月14日まで僕のZINEフェアをしています。公園遊具シリーズは写真のプリントも販売していますので、興味をお持ちの方は是非ともよろしくお願いいたします。‬. ‪,恵比寿 NADiff,35.6464378,139.7102101,"恵比寿, いなり坂, 恵比寿南, 渋谷区, 恵比寿四丁目 150-0022, 日本",恵比寿,,いなり坂,150-0022,恵比寿四丁目,恵比寿南,,,,,,渋谷区,日本,jp,0.5,,© OpenStreetMap contributors,Open Database License,https://www.openstreetmap.org/copyright
tumblr_pfc37nsnzN1s44kd1_1280.jpg,恵比寿のNADiffで10月14日まで僕のZINEフェアをしています。公園遊具シリーズは写真のプリントも販売していますので、興味をお持ちの方は是非ともよろしくお願いいたします。,恵比寿 NADiff,35.6464378,139.7102101,"恵比寿, いなり坂, 恵比寿南, 渋谷区, 恵比寿四丁目 150-0022, 日本",恵比寿,,いなり坂,150-0022,恵比寿四丁目,恵比寿南,,,,,,渋谷区,日本,jp,0.5,,© OpenStreetMap contributors,Open Database License,https://www.openstreetmap.org/copyright
tumblr_pf9ww96r6l1s44kd1_1280.jpg,‪恵比寿のNADiffで10月14日まで僕のZINEフェアをしています。公園遊具シリーズは写真のプリントも販売していますので、興味をお持ちの方は是非ともよろしくお願いいたします。‬. ‪,恵比寿 NADiff,35.6464378,139.7102101,"恵比寿, いなり坂, 恵比寿南, 渋谷区, 恵比寿四丁目 150-0022, 日本",恵比寿,,いなり坂,150-0022,恵比寿四丁目,恵比寿南,,,,,,渋谷区,日本,jp,0.5,,© OpenStreetMap contributors,Open Database License,https://www.openstreetmap.org/copyright
tumblr_pf8au5NWCu1s44kd1_1280.jpg,恵比寿のNADiffで10月の14日まで僕のZINEフェアをしています。公園遊具シリーズは写真のプリントも販売していますので、興味をお持ちの方は是非ともよろしくお願いいたします。,恵比寿 NADiff,35.6464378,139.7102101,"恵比寿, いなり坂, 恵比寿南, 渋谷区, 恵比寿四丁目 150-0022, 日本",恵比寿,,いなり坂,150-0022,恵比寿四丁目,恵比寿南,,,,,,渋谷区,日本,jp,0.5,,© OpenStreetMap contributors,Open Database License,https://www.openstreetmap.org/copyright
tumblr_pf6d4xpqYR1s44kd1_1280.jpg,‪恵比寿のNADiffで10月の14日まで僕のZINEフェアをしています。公園遊具シリーズは写真のプリントも販売していますので、興味をお持ちの方は是非ともよろしくお願いいたします。‬,恵比寿 NADiff,35.6464378,139.7102101,"恵比寿, いなり坂, 恵比寿南, 渋谷区, 恵比寿四丁目 150-0022, 日本",恵比寿,,いなり坂,150-0022,恵比寿四丁目,恵比寿南,,,,,,渋谷区,日本,jp,0.5,,© OpenStreetMap contributors,Open Database License,https://www.openstreetmap.org/copyright
tumblr_pet7dmVLgN1s44kd1_1280.jpg,‪ドイツの雑誌『Süddeutsche Zeitung Familie』に写真を提供してます(´･_･`)‬日本だと書店の洋書コーナーなどで買えると思います。,,,,,,,,,,,,,,,,,,,,,,,
tumblr_pejyvwIKaA1s44kd1_1280.jpg,東京都杉並区梅里公園,東京都杉並区梅里公園,35.6952807,139.653745764076,"梅里公園, 高円寺, 杉並区, 日本",梅里公園,,,,,高円寺,,,,,,杉並区,日本,jp,0.95,0.95,© OpenStreetMap contributors,Open Database License,https://www.openstreetmap.org/copyright
tumblr_pdkzqvzkR21t33i1xo1_1280.jpg,,,,,,,,,,,,,,,,,,,,,,,,
tumblr_pd5y0axDgH1t33i1xo1_640.jpg,,,,,,,,,,,,,,,,,,,,,,,,
tumblr_pd45gjzynd1t33i1xo1_1280.jpg,,,,,,,,,,,,,,,,,,,,,,,,
tumblr_pd2cilBAu91t33i1xo1_1280.jpg,,,,,,,,,,,,,,,,,,,,,,,,
tumblr_pd0gtfBkzG1t33i1xo1_640.jpg,,,,,,,,,,,,,,,,,,,,,,,,
tumblr_pcuxeuFvjW1t33i1xo1_1280.jpg,,,,,,,,,,,,,,,,,,,,,,,,
tumblr_pcrhhoe8ea1t33i1xo1_640.jpg,,,,,,,,,,,,,,,,,,,,,,,,
tumblr_pobstuwwuY1s44kd1_1280.jpg,沖縄県 宮古島市 上原市営住宅横,沖縄県宮古島市上原市営住宅,26.2783606,127.7736676,"上原, 宜野湾市, 日本",,,,901-2203,,上原,沖縄県,,,,,宜野湾市,日本,jp,0.2375,0.95,© OpenStreetMap contributors,Open Database License,https://www.openstreetmap.org/copyright
tumblr_poa06qLEHQ1s44kd1_1280.jpg,沖縄県 宮古島市 カママ嶺公園,沖縄県宮古島市カママ嶺公園,24.7973591,125.27686158375552,"カママ嶺公園, 宮古島市, 沖縄県, 日本",カママ嶺公園,,,,,,沖縄県,,,,,宮古島市,日本,jp,1,1,© OpenStreetMap contributors,Open Database License,https://www.openstreetmap.org/copyright
tumblr_pmy67rKE831s44kd1_1280.jpg,和歌山県和歌山市湊公園 . ※2/17 ビックサイトで開催のコミティアで公園遊具のリトルプレスを販売します。ブースは「み04」,和歌山県和歌山市湊公園,34.22697305,135.16665161467535,"雄湊公園, 有田屋町, 和歌山市, 640-8511, 日本",雄湊公園,,,640-8511,,有田屋町,和歌山県,,,,,和歌山市,日本,jp,0.95,1,© OpenStreetMap contributors,Open Database License,https://www.openstreetmap.org/copyright
tumblr_pmw1ihuB7N1s44kd1_1280.jpg,和歌山県和歌山市新南木広公園. ※2/17ビックサイトで開催するコミティアで公園遊具のリトルプレスを販売します。. ブースは「み04」です。. よろしくお願いします！,和歌山県和歌山市新南木広公園,34.226785750000005,135.18806518985437,"新南木広公園, 和歌山市, 木広町三丁目 640-8511, 日本",新南木広公園,,,640-8511,木広町三丁目,,和歌山県,,,,,和歌山市,日本,jp,1,1,© OpenStreetMap contributors,Open Database License,https://www.openstreetmap.org/copyright
tumblr_pmj1ycg85X1s44kd1_1280.jpg,3/3まで銀座のソニーパーク の企画展に写真を展示していますので、銀座に行く用事がありましたら、ぷらりと立ち寄ってください〜(´･_･`),銀座ソニーパーク,35.672134549999996,139.763200139579,"銀座ソニーパーク, ソニー通り, 銀座, 中央区, 銀座五丁目 104-0061, 日本",銀座ソニーパーク,,ソニー通り,104-0061,銀座五丁目,銀座,,,,,,中央区,日本,jp,1,,© OpenStreetMap contributors,Open Database License,https://www.openstreetmap.org/copyright
tumblr_pka8aidZKV1s44kd1_1280.jpg,‪【新刊『公園遊具7』販売中！】‬. ‪新刊の『公園遊具7』が完成しました。‬. ‪北海道紋別市のオホーツクホワイトビーチほか、東京・大阪・愛知などの公園を掲載。お求めはホームページにて。. 順次、委託販売店でも販売をいたします。. ‪fujio-panda.com/books.html‬,北海道紋別市オホーツクホワイトビーチ,44.3565151,143.3545224,"紋別市, オホーツク総合振興局, 日本",,,,,,,北海道,,オホーツク総合振興局,,,紋別市,日本,jp,0.25,1,© OpenStreetMap contributors,Open Database License,https://www.openstreetmap.org/copyright
tumblr_pjhynpeHcT1s44kd1_1280.jpg,栃木県野木町 愛宕公園,栃木県野木町愛宕公園,36.2286211,139.73603791954707,"愛宕公園, 大字丸林, 野木町, 下都賀郡, 日本",愛宕公園,,,,,大字丸林,下都賀郡,,,,,野木町,日本,jp,1,,© OpenStreetMap contributors,Open Database License,https://www.openstreetmap.org/copyright
tumblr_piklq1Rs2o1s44kd1_1280.jpg,福島県矢吹町 小池公園. ※11/25 ビックサイトで開催するコミティアで井の頭線プラレールの本を販売します。スペース「た01a」,福島県矢吹町小池公園,37.20923055,140.33465814495088,"小池公園, 善郷内, 矢吹町役場, 西白河郡, 日本",小池公園,,,,,善郷内,西白河郡,,,,,矢吹町役場,日本,jp,0.95,,© OpenStreetMap contributors,Open Database License,https://www.openstreetmap.org/copyright
tumblr_pgeu43lKx31s44kd1_640.jpg,恵比寿のNADiffで10月14日まで僕のZINEフェアをしています。公園遊具シリーズは写真のプリントも販売していますので、興味をお持ちの方は是非ともよろしくお願いいたします。. 残り4日！！. ‪,恵比寿 NADiff,35.6464378,139.7102101,"恵比寿, いなり坂, 恵比寿南, 渋谷区, 恵比寿四丁目 150-0022, 日本",恵比寿,,いなり坂,150-0022,恵比寿四丁目,恵比寿南,,,,,,渋谷区,日本,jp,0.5,,© OpenStreetMap contributors,Open Database License,https://www.openstreetmap.org/copyright
tumblr_pgd27921sa1s44kd1_1280.jpg,恵比寿のNADiffで10月14日まで僕のZINEフェアをしています。公園遊具シリーズは写真のプリントも販売していますので、興味をお持ちの方は是非ともよろしくお願いいたします。. ‪,恵比寿 NADiff,35.6464378,139.7102101,"恵比寿, いなり坂, 恵比寿南, 渋谷区, 恵比寿四丁目 150-0022, 日本",恵比寿,,いなり坂,150-0022,恵比寿四丁目,恵比寿南,,,,,,渋谷区,日本,jp,0.5,,© OpenStreetMap contributors,Open Database License,https://www.openstreetmap.org/copyright
tumblr_pgaulpUh8R1s44kd1_400.jpg,恵比寿のNADiffで10月14日まで僕のZINEフェアをしています。公園遊具シリーズは写真のプリントも販売していますので、興味をお持ちの方は是非ともよろしくお願いいたします。. ‪,恵比寿 NADiff,35.6464378,139.7102101,"恵比寿, いなり坂, 恵比寿南, 渋谷区, 恵比寿四丁目 150-0022, 日本",恵比寿,,いなり坂,150-0022,恵比寿四丁目,恵比寿南,,,,,,渋谷区,日本,jp,0.5,,© OpenStreetMap contributors,Open Database License,https://www.openstreetmap.org/copyright
tumblr_pg3no1EHsw1s44kd1_640.jpg,恵比寿のNADiffで10月14日まで僕のZINEフェアをしています。公園遊具シリーズは写真のプリントも販売していますので、興味をお持ちの方は是非ともよろしくお願いいたします。. ‪,恵比寿 NADiff,35.6464378,139.7102101,"恵比寿, いなり坂, 恵比寿南, 渋谷区, 恵比寿四丁目 150-0022, 日本",恵比寿,,いなり坂,150-0022,恵比寿四丁目,恵比寿南,,,,,,渋谷区,日本,jp,0.5,,© OpenStreetMap contributors,Open Database License,https://www.openstreetmap.org/copyright
tumblr_pg223yU4kN1s44kd1_640.jpg,‪恵比寿のNADiffで10月14日まで僕のZINEフェアをしています。公園遊具シリーズは写真のプリントも販売していますので、興味をお持ちの方は是非ともよろしくお願いいたします。‬. ‪,恵比寿 NADiff,35.6464378,139.7102101,"恵比寿, いなり坂, 恵比寿南, 渋谷区, 恵比寿四丁目 150-0022, 日本",恵比寿,,いなり坂,150-0022,恵比寿四丁目,恵比寿南,,,,,,渋谷区,日本,jp,0.5,,© OpenStreetMap contributors,Open Database License,https://www.openstreetmap.org/copyright
tumblr_pfzu7nbbdT1s44kd1_400.jpg,恵比寿のNADiffで10月14日まで僕のZINEフェアをしています。公園遊具シリーズは写真のプリントも販売していますので、興味をお持ちの方は是非ともよろしくお願いいたします。. ‪ http://fujio-panda.com,恵比寿 NADiff,35.6464378,139.7102101,"恵比寿, いなり坂, 恵比寿南, 渋谷区, 恵比寿四丁目 150-0022, 日本",恵比寿,,いなり坂,150-0022,恵比寿四丁目,恵比寿南,,,,,,渋谷区,日本,jp,0.5,,© OpenStreetMap contributors,Open Database License,https://www.openstreetmap.org/copyright
tumblr_pfy2c4Fvps1s44kd1_400.jpg,恵比寿のNADiffで10月14日まで僕のZINEフェアをしています。公園遊具シリーズは写真のプリントも販売していますので、興味をお持ちの方は是非ともよろしくお願いいたします。. ‪,恵比寿 NADiff,35.6464378,139.7102101,"恵比寿, いなり坂, 恵比寿南, 渋谷区, 恵比寿四丁目 150-0022, 日本",恵比寿,,いなり坂,150-0022,恵比寿四丁目,恵比寿南,,,,,,渋谷区,日本,jp,0.5,,© OpenStreetMap contributors,Open Database License,https://www.openstreetmap.org/copyright
tumblr_pfw7j09c7E1s44kd1_640.jpg,恵比寿のNADiffで10月14日まで僕のZINEフェアをしています。公園遊具シリーズは写真のプリントも販売していますので、興味をお持ちの方は是非ともよろしくお願いいたします。. ‪,恵比寿 NADiff,35.6464378,139.7102101,"恵比寿, いなり坂, 恵比寿南, 渋谷区, 恵比寿四丁目 150-0022, 日本",恵比寿,,いなり坂,150-0022,恵比寿四丁目,恵比寿南,,,,,,渋谷区,日本,jp,0.5,,© OpenStreetMap contributors,Open Database License,https://www.openstreetmap.org/copyright
tumblr_pfqnzmSUJG1s44kd1_640.jpg,恵比寿のNADiffで10月14日まで僕のZINEフェアをしています。公園遊具シリーズは写真のプリントも販売していますので、興味をお持ちの方は是非ともよろしくお願いいたします。. ‪,恵比寿 NADiff,35.6464378,139.7102101,"恵比寿, いなり坂, 恵比寿南, 渋谷区, 恵比寿四丁目 150-0022, 日本",恵比寿,,いなり坂,150-0022,恵比寿四丁目,恵比寿南,,,,,,渋谷区,日本,jp,0.5,,© OpenStreetMap contributors,Open Database License,https://www.openstreetmap.org/copyright
c26d70fd0355d850f6f8d2b7d239c36dea3e0fff.jpg,【北区 赤羽台団地 】. 『公園遊具vol.1』に掲載。,北区赤羽台団地,,,,,,,,,,,,,,,,,,,,,,
641e4fe2e697bb2d3dbbc10b93213273ff975926.jpg,【北区 赤羽台団地 】. 『公園遊具vol.1』に掲載。,北区赤羽台団地,,,,,,,,,,,,,,,,,,,,,,
7450aa6d54959529d50925366c29d4a863e6c423.jpg,【東京都町田市  貝がら公園 】. 『公園遊具vol.1』に掲載。,東京都町田市貝がら公園,35.5284765,139.48078824797955,"つくし野貝がら児童公園, 町田市, つくし野一丁目, 日本",つくし野貝がら児童公園,,,,つくし野一丁目,,,,,,,町田市,日本,jp,0.95,1,© OpenStreetMap contributors,Open Database License,https://www.openstreetmap.org/copyright
6b32417a81ce69ce16673f2437096f6a4d826f97.jpg,‪【東京都町田市  新中町平和公園 】‬. ‪『公園遊具vol.1』に掲載。‬,東京都町田市新中町平和公園,35.1701694,136.9772892,"平和公園, 千種区, 名古屋市, 池上町三丁目 464-0022, 日本",平和公園,,,464-0022,池上町三丁目,千種区,愛知県,,,,,名古屋市,日本,jp,0.95,,© OpenStreetMap contributors,Open Database License,https://www.openstreetmap.org/copyright
17d0dd69fc3a4d90e35898434295fe857a383971.jpg,【東京都文京区  新花公園】. 『公園遊具vol.1』に掲載。. 現在は新しい遊具にリューアル済。,東京都文京区新花公園,35.70694655,139.7664161449801,"新花公園, 湯島, 文京区, 日本",新花公園,,,,,湯島,,,,,,文京区,日本,jp,0.95,0.95,© OpenStreetMap contributors,Open Database License,https://www.openstreetmap.org/copyright
ddd30d694c99e2cf547aa9d045143d01b0353c38.jpg,【公園遊具 / 町田市 薬師台はにわ公園】,町田市薬師台はにわ公園,35.578653700000004,139.4508848342726,"薬師台はにわ公園, 町田市, 薬師台一丁目, 日本",薬師台はにわ公園,,,,薬師台一丁目,,,,,,,町田市,日本,jp,0.95,1,© OpenStreetMap contributors,Open Database License,https://www.openstreetmap.org/copyright
5821d1f40c698b7fed41548d7a67afb340a46753.jpg,‪【公園遊具 /町田市新中町平和公園】‬. ‪自粛が続いて新作が作れてないので、既存の作品を紹介します。‬. ‪ZINE『公園遊具vol.1』掲載。‬,町田市新中町平和公園,35.161628449999995,136.97752393842032,"平和公園, 千種区, 名古屋市, 愛知県, 日本",平和公園,,,,新池町四丁目,千種区,愛知県,,,,,名古屋市,日本,jp,0.95,0.95,© OpenStreetMap contributors,Open Database License,https://www.openstreetmap.org/copyright
340c19cbe2e0cf1acdf9e0a079625907/1de584db9952bd94-75/s2048x3072/2ec17f69495ea4cb3ad6f26d0f0f967e78f24212.jpg,CDジャケットの仕事をいただいたので、音楽雑誌の裏表紙の広告に僕の写真が載ってました。. まだ、自分にCDが届いてませんが、赤い公園のニューアルバム発売中っす。,,,,,,,,,,,,,,,,,,,,,,,
2a8d33394d6de73fe97dcf17f7d74e3a/7bbd9ece43dc88e0-c4/s2048x3072/460b9dab2c9d50fced3d7cd9bd0bfee832e5da72.jpg,昨日からおもバザオンラインで販売してる新刊『公園遊具9』は早くも残り2冊です！. 情報系のサークルが好きな方はお早めにどうぞ！. 【040】公園遊具vol.9《屋上パンダ》 | 「版元ひとり」のおもしろ同人誌ショップ. https://preview.app.goo.gl/gsfr3.app.goo.gl/ZCW4YS,,,,,,,,,,,,,,,,,,,,,,,
65af4a6b76811c1a1b5810ee79dbd901e14830cd.jpg,大阪府大阪市住之江区 南港しらなみ団地内. . 『公園遊具vol.9』は2月中旬に完成予定。今回は600冊程度で増刷もしません。,大阪府大阪市住之江区南港しらなみ団地,34.614132,135.466545,"住之江区, 大阪市, 日本",,,,,,住之江区,大阪府,,,,,大阪市,日本,jp,0.225625,0.9025,© OpenStreetMap contributors,Open Database License,https://www.openstreetmap.org/copyright
e5944c92591990ff023847d7e77fa9824d62f4c9.jpg,沖縄県宮古島市_下地町営住宅川満団地内. 南国らしく、遊具の後ろにガジュマルの木がありました。,沖縄県宮古島市下地町営住宅川満団地,24.8054647,125.2811296,"宮古島市, 日本",,,,,,,沖縄県,,,,,宮古島市,日本,jp,0.25,1,© OpenStreetMap contributors,Open Database License,https://www.openstreetmap.org/copyright
bd2be09b37acac72470746a6c96b720465950bb5.jpg,沖縄県宮古島市 荷川取公園,沖縄県宮古島市荷川取公園,24.8140876,125.28479129622309,"荷川取公園, 宮古島市, 沖縄県, 日本",荷川取公園,,,,,,沖縄県,,,,,宮古島市,日本,jp,1,1,© OpenStreetMap contributors,Open Database License,https://www.openstreetmap.org/copyright
d93f58f7a84c36725e8672660375dbff03fa8686.jpg,‪兵庫県神戸市須磨区 天井川公園 ※2019年中に撤去の予定ですのでお早めに遊びに来てください！！‬. ‪背中のイボイボが階段になってる見事な遊具です！‬. ‪,兵庫県神戸市須磨区天井川公園,34.6506419,135.12793753759888,"天井川公園, 須磨区, 神戸市, 稲葉町一丁目 654-0036, 日本",天井川公園,,,654-0036,稲葉町一丁目,須磨区,兵庫県,,,,,神戸市,日本,jp,0.95,0.9025,© OpenStreetMap contributors,Open Database License,https://www.openstreetmap.org/copyright
tumblr_pon1ntEg8Y1s44kd1_1280.jpg,‪フランスの企画展に作品を展示してたので現地の雑誌で紹介してもらったらしいです(´･_･`)！‬,,,,,,,,,,,,,,,,,,,,,,,
fb2f570594050be5bb705caa204444ff3bbb97e2.jpg,年末年始のエアコミケ用にホームページで同人誌のセールをしています。. 公園遊具・屋上遊園地・プラレール などに興味をお持ちの方は是非！！　. 1/7まで！！. . fujiopanda.theshop.jp. . . 写真は埼玉県鶴ヶ島市　若葉台台に住宅内,埼玉県鶴ヶ島市若葉台住宅,35.9346812,139.3929735,"鶴ヶ島市, 日本",,,,,,,埼玉県,,,,,鶴ヶ島市,日本,jp,0.25,1,© OpenStreetMap contributors,Open Database License,https://www.openstreetmap.org/copyright
1c5695f2077184e6e88b1c457256b11740f0dc28.jpg,東京都練馬区　豊玉公園,東京都練馬区豊玉公園,35.73374405,139.65130518441657,"豊玉公園, 3 豊玉公園, 練馬区, 練馬区, TK 176-0012, 日本",豊玉公園,3,豊玉公園,176-0012,練馬区,練馬区,練馬区,,東京,,TK,練馬区,日本,jp,0.95,0.95,© OpenStreetMap contributors,Open Database License,https://www.openstreetmap.org/copyright
6246133aedd6122081b3474c78d0bbd1ef4f16cd.jpg,埼玉県宮代町 イカ公園. . ところで来年に向けて牛の公園遊具を撮影しなければ。汚いウシ公園は大阪の堺市にありましたが、キレイな牛が良いですよね。.,埼玉県宮代町イカ公園,36.0227087,139.722628,"宮代町 (宮代町), 日本",,,,,,,南埼玉郡,,,,,宮代町,日本,jp,0.2375,0.95,© OpenStreetMap contributors,Open Database License,https://www.openstreetmap.org/copyright
7197f3806695d663bb8ee292a5be60bb9799076b.jpg,【品川区 子供の森公園】. 来年にはちゃんとまとめた物を作りたいです。.,品川区子供の森公園,35.6163425,139.73777042906988,"子供の森公園, 北品川, 品川区, 北品川三丁目, 日本",子供の森公園,,,,北品川三丁目,北品川,,,,,,品川区,日本,jp,0.95,,© OpenStreetMap contributors,Open Database License,https://www.openstreetmap.org/copyright
d6f5ab5209b2b544587940648ec3c2bc68c91e53.jpg,久々に公園遊具の写真. . 東京都品川区 子供の森公園.,東京都品川区子供の森公園,35.6163425,139.73777042906988,"子供の森公園, 北品川, 品川区, 北品川三丁目, 日本",子供の森公園,,,,北品川三丁目,北品川,,,,,,品川区,日本,jp,0.9025,0.95,© OpenStreetMap contributors,Open Database License,https://www.openstreetmap.org/copyright
4707d856f177fdbbb3343e80cbe0508c0ae4fe3c.jpg,群馬県前橋市荒牧町公園. . 尼崎市のA-labの企画展もいよいよ４連休で終了です。. 本日最終日！！. 2020年8月1日(土)-2020年9月22日(火)（祝）. 開館時間＝（平日）11:00-19:00、（土・日・祝）＝10:00-18:00. 休館日＝火曜日（祝日の場合は、その翌日）. 入場料＝無料. http://www.ama-a-lab.com,群馬県前橋市荒牧町公園,36.3893418,139.0632826,"前橋市, 日本",,,,,,,群馬県,,,,,前橋市,日本,jp,0.25,1,© OpenStreetMap contributors,Open Database License,https://www.openstreetmap.org/copyright
c79da461097895c41fbfdf7ac6770dabea411f00.jpg,群馬県伊勢崎市　華蔵寺公園. . 尼崎市のA-labの企画展もいよいよ４連休で終了です。. 22日まで！. 2020年8月1日(土)-2020年9月22日(火)（祝）. 開館時間＝（平日）11:00-19:00、（土・日・祝）＝10:00-18:00. 休館日＝火曜日（祝日の場合は、その翌日）. 入場料＝無料. http://www.ama-a-lab.com,群馬県伊勢崎市華蔵寺公園,36.34251785,139.195716492835,"華蔵寺公園, 伊勢崎市, 群馬県, 日本",華蔵寺公園,,,,,,群馬県,,,,,伊勢崎市,日本,jp,1,1,© OpenStreetMap contributors,Open Database License,https://www.openstreetmap.org/copyright
5b6343b302cbb543573c86baf00104514580b25b.jpg,群馬県伊勢崎市　華蔵寺公園. . 尼崎市のA-labの企画展もいよいよ４連休で終了です。. 22日まで！. 2020年8月1日(土)-2020年9月22日(火)（祝）. 開館時間＝（平日）11:00-19:00、（土・日・祝）＝10:00-18:00. 休館日＝火曜日（祝日の場合は、その翌日）. 入場料＝無料. http://www.ama-a-lab.com,群馬県伊勢崎市華蔵寺公園,36.34251785,139.195716492835,"華蔵寺公園, 伊勢崎市, 群馬県, 日本",華蔵寺公園,,,,,,群馬県,,,,,伊勢崎市,日本,jp,1,1,© OpenStreetMap contributors,Open Database License,https://www.openstreetmap.org/copyright
d060a1f385d468183afb7707c9b15f2c40e601c9.jpg,東京都品川区 神明児童遊園. . 尼崎市のA-labの企画展もいよいよ４連休で終了です。. 22日まで！. 2020年8月1日(土)-2020年9月22日(火)（祝）. 開館時間＝（平日）11:00-19:00、（土・日・祝）＝10:00-18:00. 休館日＝火曜日（祝日の場合は、その翌日）. 入場料＝無料. http://www.ama-a-lab.com,東京都品川区神明児童遊園,35.608503150000004,139.7263665407396,"神明児童遊園, 鮫洲大山線（接続部）, 二葉, 品川区, TK 140-8715, 日本",神明児童遊園,,鮫洲大山線（接続部）,140-8715,二葉一丁目,二葉,品川区,,東京,,TK,品川区,日本,jp,0.95,0.95,© OpenStreetMap contributors,Open Database License,https://www.openstreetmap.org/copyright
747d536606829723cf0f9843a1f485124e259a2c.jpg,千葉県柏市 柏公園. . 尼崎市のA-labの企画展もいよいよ４連休で終了です。. 22日まで！. 2020年8月1日(土)-2020年9月22日(火)（祝）. 開館時間＝（平日）11:00-19:00、（土・日・祝）＝10:00-18:00. 休館日＝火曜日（祝日の場合は、その翌日）. 入場料＝無料. http://www.ama-a-lab.com,千葉県柏市柏公園,34.2055469,131.6672587,"市 (山口市), 日本",,,,,,,山口県,,,,,山口市,日本,jp,0.2375,0.95,© OpenStreetMap contributors,Open Database License,https://www.openstreetmap.org/copyright
962f36b2ea0c2fa7961a8ae40ca35686b98243f6.jpg,東京都中野区 丸山公園. . 尼崎市のA-labにて企画展に参加しています。. 22日で終了となりますのでお早めにどうぞ！！. . 2020年8月1日(土)-2020年9月22日(火)（祝） . 開館時間＝（平日）11:00-19:00、（土・日・祝）＝10:00-18:00. 休館日＝火曜日. 入場料＝無料. . http://www.ama-a-lab.com.,東京都中野区丸山公園,35.724079599999996,139.65068328332973,"丸山公園, 丸山, 中野区, 日本",丸山公園,,,,,丸山,,,,,,中野区,日本,jp,0.95,0.95,© OpenStreetMap contributors,Open Database License,https://www.openstreetmap.org/copyright
4b7cfe8418dec09a6f5a863a1273c179d300bed9.jpg,東京都　中野区　みはと公園. . 尼崎市A-labでの企画展は9/22までですので、お時間のある方は是非！. http://www.ama-a-lab.com.,東京都中野区みはと公園,,,,,,,,,,,,,,,,,,,,,,
640820db3a3ff818b2d5a0717442a8fd43b84ee6.jpg,初期の公園遊具の撮影。. 群馬県 前橋市 すずかけ公園. . 尼崎市A-labでの企画展は9/22までですので、お時間のある方は是非！. http://www.ama-a-lab.com.,群馬県前橋市すずかけ公園,36.3592934,139.11260167103458,"すずかけ公園, 前橋市, 群馬県, 日本",すずかけ公園,,,,広瀬町三丁目,,群馬県,,,,,前橋市,日本,jp,1,1,© OpenStreetMap contributors,Open Database License,https://www.openstreetmap.org/copyright
084bd3f6e6f0ebec3aecfd097333186a/6543f7257e0ed10b-e3/s2048x3072/d1e0378cd856539bb0da575a3c583b855bd4b016.jpg,尼崎市A-labで開催されている企画展は9月22日まで。. スフィンクスの中にも展示物があります！. 関西圏の方、お時間がございましたらよろしくお願いいたします！,尼崎市A-lab,34.72291,135.4227312,"あまらぶアートラボ　A-Lab, 1, 尼崎市, 660-0804, 日本",あまらぶアートラボ　A-Lab,1,,660-0804,,,兵庫県,,,,,尼崎市,日本,jp,0.95,1,© OpenStreetMap contributors,Open Database License,https://www.openstreetmap.org/copyright
c9f07866e505dd5b624eae32f7850d1e3343d5f3.jpg,【群馬県前橋市 六供こども公園】,群馬県前橋市六供こども公園,,,,,,,,,,,,,,,,,,,,,,
959437b20071c08fc88684e5becc129d38ea2bac.jpg,‪【群馬県伊勢崎市 華蔵寺公園】‬. ‪群馬は古い公園遊具が多いエリア。コロナが落ち着いたら、また撮影に行きたい。‬. ‪2014年に作った公園遊具vol.2に掲載‬,群馬県伊勢崎市華蔵寺公園,36.34251785,139.195716492835,"華蔵寺公園, 伊勢崎市, 群馬県, 日本",華蔵寺公園,,,,,,群馬県,,,,,伊勢崎市,日本,jp,1,1,© OpenStreetMap contributors,Open Database License,https://www.openstreetmap.org/copyright
7c76bbad8eac17699426263f0e2a5fdfac640a6e.jpg,【埼玉県鴻巣市 ひばり野あじさい公園】,埼玉県鴻巣市ひばり野あじさい公園,35.827419,139.903016,"あじさい公園, 松戸市, CH 270-0163, 日本",あじさい公園,,,270-0163,,,松戸市,MT,千葉,,CH,松戸市,日本,jp,0.95,,© OpenStreetMap contributors,Open Database License,https://www.openstreetmap.org/copyright
34b1fc55b6398145b26bafe47bf164ccad6028c3.jpg,【東京都国分寺市 けやき台団地内】,東京都国分寺市けやき台団地,35.716818,139.435453,"けやき台団地, 立川市, TK 185-0035, 日本",けやき台団地,,,185-0035,,,立川市,AS,東京,,TK,立川市,日本,jp,0.95,0.9025,© OpenStreetMap contributors,Open Database License,https://www.openstreetmap.org/copyright
f0c7cdcce04009134994a3f7c3b3cd83d209d843.jpg,【北海道 恵庭市 こまば公園】,北海道恵庭市こまば公園,42.8736976,141.58149637849397,"こまば公園, 恵庭市, 北海道, 日本",こまば公園,,,,駒場町一丁目,,北海道,,石狩振興局,,,恵庭市,日本,jp,1,1,© OpenStreetMap contributors,Open Database License,https://www.openstreetmap.org/copyright
c4b771fcb4400fc8670f1bc32e145caf6869e172.jpg,【沖縄県那覇市 三重城団地内】,沖縄県那覇市三重城団地,26.2122345,127.6791452,"那覇市, 日本",,,,900-8585,,,沖縄県,,,,,那覇市,日本,jp,0.25,1,© OpenStreetMap contributors,Open Database License,https://www.openstreetmap.org/copyright
57b5e7439c5679b2643e6c41482fc47a451abb93.jpg,【神奈川県 横浜市 都筑区 北山田じゃんけん公園】,神奈川県横浜市都筑区北山田じゃんけん公園,35.561092450000004,139.58517339073978,"北山田じゃんけん公園, 都筑区, 横浜市, 北山田四丁目 231-0017, 日本",北山田じゃんけん公園,,,231-0017,北山田四丁目,都筑区,神奈川県,,,,,横浜市,日本,jp,0.9025,0.9025,© OpenStreetMap contributors,Open Database License,https://www.openstreetmap.org/copyright
60bf50c5e212b5e9da7dcb66ea441ce4a4c0c85f.jpg,【神奈川県 横浜市 神奈川区　大口公園】,神奈川県横浜市神奈川区大口公園,35.48969225,139.64402418533132,"大口公園, おおぐち通商店街, 神奈川区, 横浜市, 大口通 231-0017, 日本",大口公園,,おおぐち通商店街,231-0017,大口通,神奈川区,神奈川県,,,,,横浜市,日本,jp,0.95,0.9025,© OpenStreetMap contributors,Open Database License,https://www.openstreetmap.org/copyright
d1abca5933202475239983d2b18555b5c061aa6b.jpg,神奈川県横浜市旭区 万騎が原第八公園,神奈川県横浜市旭区万騎が原第八公園,35.4552666,139.53016289257835,"万騎が原第八公園, 旭区, 横浜市, 万騎が原 241-0836, 日本",万騎が原第八公園,,,241-0836,万騎が原,旭区,神奈川県,,,,,横浜市,日本,jp,0.9025,0.9025,© OpenStreetMap contributors,Open Database License,https://www.openstreetmap.org/copyright
01adeb274c1be659a8b0392788953ba6a2a9d874.jpg,大阪府豊中市西町三丁目第三公園,大阪府豊中市西町三丁目第三公園,34.7476262,137.37386808802506,"有限会社 牧原製菓 第三工場, 大山豊橋停車場線, 神ノ輪町, 豊橋市, 441-8058, 日本",有限会社 牧原製菓 第三工場,,大山豊橋停車場線,441-8058,,神ノ輪町,愛知県,,,,,豊橋市,日本,jp,0,,© OpenStreetMap contributors,Open Database License,https://www.openstreetmap.org/copyright
9cb6d2e63ee65b1a805c1c73a099434b636c7e93.jpg,【重要】埼玉県上尾市の上尾運動公園のシュールな公園遊具は来週には撤去工事が始まります。埼玉県人でこの遊具に思い出がある方は今週末がラストチャンスです！お早めに！！. ※写真は今週に許可を得て撮影,埼玉県上尾市上尾運動公園,34.2055469,131.6672587,"市 (山口市), 日本",,,,,,,山口県,,,,,山口市,日本,jp,0.2375,0.95,© OpenStreetMap contributors,Open Database License,https://www.openstreetmap.org/copyright
bbafedba2c585308d4e6e6e54a426094556a0112.jpg,大阪市淀川区　東三国住宅内. . ホームページでは公園遊具のzineを販売中。. . https://fujiopanda.theshop.jp.,大阪市淀川区東三国住宅,34.74569305,135.501355282571,"東三国住宅, 淀川区, 大阪市, 大阪府, 日本",東三国住宅,,,,,淀川区,大阪府,,,,,大阪市,日本,jp,0.95,,© OpenStreetMap contributors,Open Database License,https://www.openstreetmap.org/copyright
f089d246517ab95ac03dc9f97a796f2d2e904003.jpg,あけましておめでとうございます。. ホームページではZINEのセールをしています。. 公園遊具・屋上遊園地・プラレール などに興味をお持ちの方は是非！！　. ☆☆本日1/7の23:59まで！！. . . fujiopanda.theshop.jp. . 写真は東京都中央区 箱崎川第二公園,東京都中央区箱崎川第二公園,35.68091095,139.78463186186136,"箱崎川第二公園, 日本橋蛎殻町, 中央区, 日本橋箱崎町 103-0014, 日本",箱崎川第二公園,,,103-0014,日本橋箱崎町,日本橋蛎殻町,,,,0.9025,,中央区,日本,jp,0.9025,0.95,© OpenStreetMap contributors,Open Database License,https://www.openstreetmap.org/copyright
99f6a1f91c1b29b298cb15c54fb64ddff40b0f43.jpg,あけましておめでとうございます。. ホームページではZINEのセールをしています。. 公園遊具・屋上遊園地・プラレール などに興味をお持ちの方は是非！！　. ☆1/7明日まで！！. . fujiopanda.theshop.jp. . 写真は東京武蔵野市 うさぎ山公園,東京武蔵野市うさぎ山公園,35.71315965,139.56703994999998,"うさぎ山公園, 武蔵野市, 吉祥寺北町四丁目, 日本",うさぎ山公園,,,,吉祥寺北町四丁目,,,,,,,武蔵野市,日本,jp,1,1,© OpenStreetMap contributors,Open Database License,https://www.openstreetmap.org/copyright
336baaf483f62eddb05ae2088f3bfd4fd069c25c.jpg,あけましておめでとうございます。. ホームページではZINEのセールをしています。. 公園遊具・屋上遊園地・プラレール などに興味をお持ちの方は是非！！　. 1/7まで！！. . fujiopanda.theshop.jp. . 写真は東京武蔵野市 うさぎ山公園,東京武蔵野市うさぎ山公園,35.71315965,139.56703994999998,"うさぎ山公園, 武蔵野市, 吉祥寺北町四丁目, 日本",うさぎ山公園,,,,吉祥寺北町四丁目,,,,,,,武蔵野市,日本,jp,1,1,© OpenStreetMap contributors,Open Database License,https://www.openstreetmap.org/copyright
d3927feb37d40d147d416b7ebe66dea073939517.jpg,あけましておめでとうございます。. ホームページではZINEのセールをしています。. 公園遊具・屋上遊園地・プラレール などに興味をお持ちの方は是非！！　. 1/7まで！！. . fujiopanda.theshop.jp. . 写真は神奈川県藤沢市　後河内公園,神奈川県藤沢市後河内公園,,,,,,,,,,,,,,,,,,,,,,
fd5408eb920d9031895fb8f2a7dca0df30827b35.jpg,年末年始のエアコミケ用にホームページで同人誌のセールをしています。. 公園遊具・屋上遊園地・プラレール などに興味をお持ちの方は是非！！　. 1/7まで！！. . fujiopanda.theshop.jp. . 写真は埼玉県上尾市 浅間台第二公園,埼玉県上尾市浅間台第二公園,34.2055469,131.6672587,"市 (山口市), 日本",,,,,,,山口県,,,,,山口市,日本,jp,0.2375,0.95,© OpenStreetMap contributors,Open Database License,https://www.openstreetmap.org/copyright
3a475d5823293e9782be410b479d3229cc1e7f39.jpg,年末年始のエアコミke用にホームページで同人誌のセールをしています。. 公園遊具・屋上遊園地・プラレール などに興味をお持ちの方は是非！！　. 1/7まで！！. . fujiopanda.theshop.jp. . 写真は千葉県船橋市高根木戸第3公園,千葉県船橋市高根木戸第3公園,35.6945993,139.9825365,"船橋市, 日本",,,,,,,千葉県,,,,,船橋市,日本,jp,0.25,1,© OpenStreetMap contributors,Open Database License,https://www.openstreetmap.org/copyright
43e9723ec330e4bc56f299972f66ff6c002c1569.jpg,年末年始のエアコミケ用にホームページで同人誌のセールをしています。. 公園遊具・屋上遊園地・プラレール などに興味をお持ちの方は是非！！　. 1/7まで！！. . fujiopanda.theshop.jp. . 写真は千葉県船橋市高根木戸第二公園,千葉県船橋市高根木戸第二公園,35.6945993,139.9825365,"船橋市, 日本",,,,,,,千葉県,,,,,船橋市,日本,jp,0.25,1,© OpenStreetMap contributors,Open Database License,https://www.openstreetmap.org/copyright
43779e7e68e652789a6b830e20fbcd9989e78c8d.jpg,【愛知県名古屋市中区 白川公園】,愛知県名古屋市中区白川公園,35.1644837,136.89998946259544,"白川公園, 中区, 名古屋市, 460-0008, 日本",白川公園,,,460-0008,,中区,愛知県,,,,,名古屋市,日本,jp,0.95,0.9025,© OpenStreetMap contributors,Open Database License,https://www.openstreetmap.org/copyright
6f5b1782453cdf623e5088ad7fe8f353/4c7043638fe8f2db-19/s2048x3072/44c6913c0e461b3c74f0e85c3056ef30b22c61aa.jpg,【ZINEセール】. 今週末のイベントもコロナで参加が怪しくなってきたので、ネットでセールします。11日まで！！. 特に『公園遊具vol.6』は残り50冊を切ったのでお早めに！. . https://fujiopanda.theshop.jp,,,,,,,,,,,,,,,,,,,,,,,
0e59ec8ca74ff7124e77234c70727cbff81d4281.jpg,【東京都　品川区　子供の森公園】. 公園は工事中です。,東京都品川区子供の森公園,35.6163425,139.73777042906988,"子供の森公園, 北品川, 品川区, 北品川三丁目, 日本",子供の森公園,,,,北品川三丁目,北品川,,,,,,品川区,日本,jp,0.9025,0.95,© OpenStreetMap contributors,Open Database License,https://www.openstreetmap.org/copyright
d7406c57c48dd425863b7f5cce90e616f6c638e7.jpg,【東京都　品川区　子供の森公園】. この恐竜は今頃には解体工事が始まってると思います。,東京都品川区子供の森公園,35.6163425,139.73777042906988,"子供の森公園, 北品川, 品川区, 北品川三丁目, 日本",子供の森公園,,,,北品川三丁目,北品川,,,,,,品川区,日本,jp,0.9025,0.95,© OpenStreetMap contributors,Open Database License,https://www.openstreetmap.org/copyright
ab4601851591e5e1cd058ad7f0eb8fe8/3eec06e6ba06af9d-3f/s2048x3072/c461baa66e46b7c5543afe324730ea6bce4b89e0.jpg,公園遊具vol.6も残り部数が少なくなってきました。東京・北海道・沖縄・大阪・茨城・群馬などの公園遊具を掲載。. お求めはウェブで！,,,,,,,,,,,,,,,,,,,,,,,
1bd1382502913a693e337f44a8c96315e35192b6.jpg,【兵庫県神戸市中央区　HATゆめ公園】,兵庫県神戸市中央区HATゆめ公園,34.6935677,135.20473829132771,"HATゆめ公園, 中央区, 神戸市, 兵庫県, 日本",HATゆめ公園,,,,真砂通二丁目,中央区,兵庫県,,,,,神戸市,日本,jp,0.95,,© OpenStreetMap contributors,Open Database License,https://www.openstreetmap.org/copyright
6933b593c2633856bdecec6c8e55e2416ab0ec4a.jpg,【長野県長野市　茶臼山恐竜公園】,長野県長野市茶臼山恐竜公園,34.2055469,131.6672587,"市 (山口市), 日本",,,,,,,山口県,,,,,山口市,日本,jp,0.2375,0.95,© OpenStreetMap contributors,Open Database License,https://www.openstreetmap.org/copyright
51b6e818b4f7d72d0ed8139ed8074e320a1b7885.jpg,【長野県長野市　茶臼山恐竜公園】,長野県長野市 茶臼山恐竜公園,34.2055469,131.6672587,"市 (山口市), 日本",,,,,,,,山口市,山口県,,,日本,jp,0.2375,0.95,© OpenStreetMap contributors,Open Database License,https://www.openstreetmap.org/copyright,
6f96f6263153e67901c0494fbf9529f9ee1388f8.jpg,【東京都大田区ピノキオ児童公園】,東京都大田区 ピノキオ児童公園,35.59162285,139.68936237767446,"ピノキオ児童公園, 呑川緑道, 久が原, 大田区, 久が原二丁目 146-0081, 日本",ピノキオ児童公園,呑川緑道,146-0081,久が原二丁目,,久が原,,大田区,,,,日本,jp,0.95,0.95,© OpenStreetMap contributors,Open Database License,https://www.openstreetmap.org/copyright,
7389fa13e69e97ac85ebcf7ddcce63cbd4b023a0.jpg,【大阪府八尾市 久宝寺緑地】,大阪府八尾市 久宝寺緑地,34.6323408,135.57814198520376,"久宝寺緑地, 平野区, 東大阪市, 大阪府, 日本",久宝寺緑地,,,,,平野区,,東大阪市,大阪府,,,日本,jp,0.95,0.9025,© OpenStreetMap contributors,Open Database License,https://www.openstreetmap.org/copyright,
5f09309190f59458cb84f4b209d24873ffdd00cd.jpg,【北海道 札幌市南区　五輪団地内】,北海道札幌市南区 五輪団地内,42.99556,141.3587541,"五輪団地, 平岸通, 南区, 札幌市, 石狩振興局 005-0008, 日本",五輪団地,平岸通,005-0008,真駒内上町5,,南区,,札幌市,北海道,,石狩振興局,日本,jp,0.9025,0.9025,© OpenStreetMap contributors,Open Database License,https://www.openstreetmap.org/copyright,
666493501d9cb11a044fb724d74579ee74eec7ea.jpg,【北海道札幌市西区 農試公園】,北海道札幌市西区 農試公園,43.089465,141.303514,"農試公園, 札幌, HK 063-0061, 日本",,農試公園,063-0061,,SP,,HK,札幌,札幌市,,北海,日本,jp,0.9025,0.9025,© OpenStreetMap contributors,Open Database License,https://www.openstreetmap.org/copyright,
f8e554331516d81604ef1602c3c4cbbaf6566074.jpg,【北海道札幌市西区 農試公園】,北海道札幌市西区 農試公園,43.089465,141.303514,"農試公園, 札幌, HK 063-0061, 日本",,農試公園,063-0061,,SP,,HK,札幌,札幌市,,北海,日本,jp,0.9025,0.9025,© OpenStreetMap contributors,Open Database License,https://www.openstreetmap.org/copyright,
a4989c34880cbd0a358e632cfe1ec7eb33bf390a.jpg,【埼玉県鴻巣市 生出塚団地1号公園】,埼玉県鴻巣市 生出塚団地1号公園,36.0657583,139.5221055,"鴻巣市, 日本",,,,,,,,鴻巣市,埼玉県,,,日本,jp,0.25,1,© OpenStreetMap contributors,Open Database License,https://www.openstreetmap.org/copyright,
1b09b035b405c4eb03ed38b24700a28317020f08.jpg,【埼玉県鴻巣市 生出塚団地1号公園】,埼玉県鴻巣市 生出塚団地1号公園,36.0657583,139.5221055,"鴻巣市, 日本",,,,,,,,鴻巣市,埼玉県,,,日本,jp,0.25,1,© OpenStreetMap contributors,Open Database License,https://www.openstreetmap.org/copyright,
3be5c63ab6456e1f68910a368a4d07f06fc79f65.jpg,【埼玉県鴻巣市 生出塚団地1号公園】,埼玉県鴻巣市 生出塚団地1号公園,36.0657583,139.5221055,"鴻巣市, 日本",,,,,,,,鴻巣市,埼玉県,,,日本,jp,0.25,1,© OpenStreetMap contributors,Open Database License,https://www.openstreetmap.org/copyright,
45fa9750b7f769de7fd9627723f6b050bfb40a6f.jpg,【東京都荒川区 西日暮里6丁目公園】,東京都荒川区 西日暮里6丁目公園,35.73687315,139.7719168217539,"西日暮里六丁目公園, 西日暮里, 荒川区, 西日暮里六丁目, 日本",西日暮里六丁目公園,,,西日暮里六丁目,,西日暮里,,荒川区,,,,日本,jp,0.5984999999999999,,© OpenStreetMap contributors,Open Database License,https://www.openstreetmap.org/copyright,
73997dee7f16c3179fb3f9e9282b4f63b3c53dc6.jpg,【東京都北区　王子6丁目児童公】,東京都北区 王子6丁目児童公園,,,,,,,,,,,,,,,,,,,,,,
8432f77851ebab3fb45a4419af0ea2e008c26b75.jpg,【埼玉県鴻巣市　吹上団地テラスハウス】,埼玉県鴻巣市 吹上団地テラスハウス,36.0657583,139.5221055,"鴻巣市, 日本",,,,,,,,鴻巣市,埼玉県,,,日本,jp,0.25,1,© OpenStreetMap contributors,Open Database License,https://www.openstreetmap.org/copyright,
6bcf39dc52fed83d6bcd2f3ab7c58f5001d22237.jpg,【東京都北区　南橋児童公園】,東京都北区 南橋児童公園,35.03901505,135.7359329221563,"紙屋児童公園, 北区, 京都市, 京都府, 日本",紙屋児童公園,,,衣笠北荒見町,,北区,,京都市,京都府,0.9025,,日本,jp,0.8573749999999999,0.95,© OpenStreetMap contributors,Open Database License,https://www.openstreetmap.org/copyright,
8b7f7dae5baf1fb2bf9c0658e4acc5efef50556c.jpg,【東京都北区　南橋児童公園】,東京都北区 南橋児童公園,35.03901505,135.7359329221563,"紙屋児童公園, 北区, 京都市, 京都府, 日本",紙屋児童公園,,,衣笠北荒見町,,北区,,京都市,京都府,0.9025,,日本,jp,0.8573749999999999,0.95,© OpenStreetMap contributors,Open Database License,https://www.openstreetmap.org/copyright,
b7e00837cab5658d7520cfc51462608de85838b1.jpg,【東京都北区　南橋児童公園】,東京都北区 南橋児童公園,35.03901505,135.7359329221563,"紙屋児童公園, 北区, 京都市, 京都府, 日本",紙屋児童公園,,,衣笠北荒見町,,北区,,京都市,京都府,0.9025,,日本,jp,0.8573749999999999,0.95,© OpenStreetMap contributors,Open Database License,https://www.openstreetmap.org/copyright,
4a1d0d59390863e248cc110543e52f52f669adcb.jpg,【栃木県足利市 毛野団地南児童遊園】,栃木県足利市 毛野団地南児童遊園,36.3400358,139.4488397,"足利市, 日本",,,,,,,,足利市,栃木県,,,日本,jp,0.25,1,© OpenStreetMap contributors,Open Database License,https://www.openstreetmap.org/copyright,
432e1d6556c31de777c6ee0cfa1d20ab1b8c4a85.jpg,【栃木県足利市 毛野団地南児童遊園】,栃木県足利市 毛野団地南児童遊園,36.3400358,139.4488397,"足利市, 日本",,,,,,,,足利市,栃木県,,,日本,jp,0.25,1,© OpenStreetMap contributors,Open Database License,https://www.openstreetmap.org/copyright,
6c67bf52de2ac6a115330806f8eba5fb7581f798.jpg,【東京都中央区　越前堀児童公園】,東京都中央区 越前堀児童公園,35.67636965,139.7824440598822,"越前堀児童公園, 新川, 中央区, TK 104-0033, 日本",越前堀児童公園,越前堀児童公園,104-0033,中央区,,新川,TK,中央区,Chuo,,東京,日本,jp,0,,© OpenStreetMap contributors,Open Database License,https://www.openstreetmap.org/copyright,
cdcbaf8054c6df331607c9.jpg,【千葉県千葉市花見川区　幕張公園】,千葉県千葉市花見川区 幕張公園,35.6579847,140.05216801776712,"幕張公園, 花見川区, 千葉市, 千葉県, 日本",幕張公園,,,幕張町五丁目,,花見川区,,千葉市,千葉県,,,日本,jp,1,1,© OpenStreetMap contributors,Open Database License,https://www.openstreetmap.org/copyright,
659e39b57cdc7c2c8a7e18ee728e42197d566b74.jpg,【千葉県千葉繁稲毛区　作草部南公園】,千葉県千葉市稲毛区 作草部南公園,35.62490845,140.11623726296614,"作草部南公園, 稲毛区, 千葉市, 千葉県, 日本",作草部南公園,,,作草部二丁目,,稲毛区,,千葉市,千葉県,,,日本,jp,0.95,0.9025,© OpenStreetMap contributors,Open Database License,https://www.openstreetmap.org/copyright,
dee0a67e0662c88f87106d1ecf7280677281400c.jpg,5/28が赤い公園のラストライブです。僕も配信で見ます。. アルバムのロボット公園は愛知県岡崎市 大樹寺公園 です。公園が好きな方は是非。,愛知県岡崎市 大樹寺公園,34.9849313,137.15365327603376,"大樹寺公園, 岡崎市, 愛知県, 日本",大樹寺公園,,,大門五丁目,,,,岡崎市,愛知県,,,日本,jp,0.95,0.95,© OpenStreetMap contributors,Open Database License,https://www.openstreetmap.org/copyright,
87d7758746b7378c4530dccdeebb96b6/0778ea32e6de9079-c5/s640x960/8818091cdbfe27eb89282936513fb7e0fdea399f.jpg,京都国立近代美術館のショップ(アールプリュ)にて、私のZINEのコーナーがありますので、関西圏の方、近代美術館に行った際は是非！. 私は今年は関西には行けそうにないのでよろしくお願いします！！. https://www.momak.go.jp,京都国立近代美術館,35.012315,135.7819586147932,"京都国立近代美術館, 仁王門通, 左京区, 京都市, 岡崎円勝寺町 605-0038, 日本",京都国立近代美術館,仁王門通,605-0038,岡崎円勝寺町,,左京区,,京都市,京都府,,,日本,jp,1,,© OpenStreetMap contributors,Open Database License,https://www.openstreetmap.org/copyright,
b81cfbb47c0ce7f6de8441820e12c81418a0a0ed.jpg,【千葉県松戸 松戸運動公園】,千葉県松戸市 松戸運動公園,34.2055469,131.6672587,"市 (山口市), 日本",,,,,,,,山口市,山口県,,,日本,jp,0.2375,0.95,© OpenStreetMap contributors,Open Database License,https://www.openstreetmap.org/copyright,
84d20514fcc15e42b7a197652b0e30268d521b19.jpg,【千葉県香取市 わんぱく公園】,千葉県香取市 わんぱく公園,35.898383100000004,140.49396633499708,"わんぱく公園, 利根水郷ライン, 香取市, 北二丁目 287-0001, 日本",わんぱく公園,利根水郷ライン,287-0001,北二丁目,,,,香取市,千葉県,,,日本,jp,1,1,© OpenStreetMap contributors,Open Database License,https://www.openstreetmap.org/copyright,
f146175718bf2973436e9a9a0d2a547223ae8058.jpg,【埼玉県鴻巣市 上生出塚3号公園】,埼玉県鴻巣市 上生出塚3号公園,36.059084,139.528933,"上生出塚, 鴻巣市, 日本",,,365-0042,,,上生出塚,,鴻巣市,埼玉県,,,日本,jp,0.25,1,© OpenStreetMap contributors,Open Database License,https://www.openstreetmap.org/copyright,
760bc0a4774cbbc09fb85dccbb97e5fd6b6102e8.jpg,【埼玉県鴻巣市 上生出塚3号公園】,埼玉県鴻巣市 上生出塚3号公園,36.059084,139.528933,"上生出塚, 鴻巣市, 日本",,,365-0042,,,上生出塚,,鴻巣市,埼玉県,,,日本,jp,0.25,1,© OpenStreetMap contributors,Open Database License,https://www.openstreetmap.org/copyright,
05a0a78ee30de91cbf5bb0c1dcd0dff546adcf43.jpg,【愛知県名古屋市南区 道徳公園】,愛知県名古屋市南区 道徳公園,35.1039824,136.90715508400655,"道徳公園, 南区, 名古屋市, 愛知県, 日本",道徳公園,,,道徳新町五丁目,,南区,,名古屋市,愛知県,,,日本,jp,1,1,© OpenStreetMap contributors,Open Database License,https://www.openstreetmap.org/copyright,
b36cfd2c9add1cfb91d8cecb255c1ba5/5cf366e8edbd0f8c-1f/s2048x3072/24b32cd1782a81a405ddcd723d70408f1f12bee9.jpg,明日25日のイベントが急遽中止になるというウソみたいな状況になったので、webでSALEをします。FUJIO KITOで検索したらすぐ見つかりまっせ！. 屋上遊園地・公園遊具・銭湯・レトロゲームなどなど！. . https://fujiopanda.theshop.jp.,Not specified,35.669836,139.707712,"Not Conventional, 東京, TK 150-0001, 日本",Not Conventional,,150-0001,渋谷区,,,TK,東京,渋谷区,,東京,日本,jp,0,,© OpenStreetMap contributors,Open Database License,https://www.openstreetmap.org/copyright,
11726820a1ceb74a15d48f2842c35ba921509717.jpg,来年はウサギ年なのでウサギの遊具を探しに行ったらリスがいました。. 狛江市藤塚第四児童公園,東京都狛江市 藤塚第四児童公園,35.6427501,139.56954528978662,"藤塚第四児童公園, 狛江市, 和泉本町四丁目, 日本",藤塚第四児童公園,,,和泉本町四丁目,,,,狛江市,,,,日本,jp,0.95,0.95,© OpenStreetMap contributors,Open Database License,https://www.openstreetmap.org/copyright,
abda8b53b8561fc2572853907b6a674f419ee755.jpg,【埼玉県深谷市 空沢公園】,埼玉県深谷市 空沢公園,36.1866723,139.28991666703251,"空沢公園, 深谷市, 緑ケ丘 366-0052, 日本",空沢公園,,366-0052,緑ケ丘,,,,深谷市,埼玉県,,,日本,jp,1,1,© OpenStreetMap contributors,Open Database License,https://www.openstreetmap.org/copyright,
7e79d18f94944b0b999e2f3b4d716a12e2f4f643.jpg,【東京都調布市 多摩川住宅ホ号棟 さるやま公園】,東京都調布市 多摩川住宅ホ号棟 さるやま公園,,,,,,,,,,,,,,,,,,,,,,
bf9d04056e201b189607f082e1fa7006732ef121.jpg,【東京都調布市 多摩川住宅ホ号棟 さるやま公園】,東京都調布市 多摩川住宅ホ号棟 さるやま公園,,,,,,,,,,,,,,,,,,,,,,
e92ecaa36b2827c0deaa27ca08c6f7e9033ae94a.jpg,【東京都調布市 多摩川住宅ホ号棟 さるやま公園】,東京都調布市 多摩川住宅ホ号棟 さるやま公園,,,,,,,,,,,,,,,,,,,,,,
17d5d57987c94ad1d97540306721bb5377272f87.jpg,【東京都調布市 多摩川住宅ホ号棟 さるやま公園】,東京都調布市 多摩川住宅ホ号棟 さるやま公園,,,,,,,,,,,,,,,,,,,,,,
bb77c05800823e7f34b403bbf737c8da95ed7c99.jpg,【神奈川県相模原市中央区 鹿沼公園】,神奈川県相模原市中央区 鹿沼公園,35.6706436,139.7719923,"中央区, 日本",,,,,,,,中央区,,,,日本,jp,0,,© OpenStreetMap contributors,Open Database License,https://www.openstreetmap.org/copyright,
c9e924d12ed30e5d78223cac8d3e8ae35f668bc6.jpg,たぶん人生で一番すべった滑り台です。. . 【神奈川県相模原市中央区 鹿沼公園},神奈川県相模原市中央区 鹿沼公園,35.6706436,139.7719923,"中央区, 日本",,,,,,,,中央区,,,,日本,jp,0,,© OpenStreetMap contributors,Open Database License,https://www.openstreetmap.org/copyright,
02acde8a1c1199cd9a1b01f76785df0377211430.jpg,私が子供の頃から遊んだ公園でございます。. . 【神奈川県相模原市中央区 鹿沼公園},神奈川県相模原市中央区 鹿沼公園,35.6706436,139.7719923,"中央区, 日本",,,,,,,,中央区,,,,日本,jp,0,,© OpenStreetMap contributors,Open Database License,https://www.openstreetmap.org/copyright,
a16e7fd85d3f072add6a31db6d20de4c24062e3b.jpg,【東京都練馬区　徳殿公園】,東京都練馬区 徳殿公園,35.7267201,139.6587369,"徳殿公園, 環七通り, 豊玉南, 中野区, TK 176-0014, 日本",徳殿公園,環七通り,176-0014,練馬区,,豊玉南,TK,中野区,練馬区,,東京,日本,jp,1,0.95,© OpenStreetMap contributors,Open Database License,https://www.openstreetmap.org/copyright,
7230631e38b8c1807617407bfbda20a0eb6db497.jpg,"【東京都調布市 多摩川住宅ホ号棟 さるやま公園】. 今年の1月に撤去されましたが、滑らかな仕上がりの滑り台でした。. . 多摩川住宅を特集する『公園遊具vol.10』は2023年GWに販売予定。. ",東京都調布市 多摩川住宅ホ号棟 さるやま公園,,,,,,,,,,,,,,,,,,,,,,
da29a21530e585250d1f71974604352fe16d435a.jpg,【東京都調布市 多摩川住宅ホ号棟 かいがら公園】,東京都調布市 多摩川住宅ホ号棟 かいがら公園,,,,,,,,,,,,,,,,,,,,,,
32f50c1a7d84ab5ccba204364290afb7415b87a1.jpg,【東京都調布市 多摩川住宅ホ号棟 虫公園】,東京都調布市 多摩川住宅ホ号棟 虫公園,,,,,,,,,,,,,,,,,,,,,,
2036624e899cbb570c7d3e52e21acb4d807647e7.jpg,【東京都調布市 多摩川住宅ホ号棟 虫公園】,東京都調布市 多摩川住宅ホ号棟 虫公園,,,,,,,,,,,,,,,,,,,,,,
b5d40b24fdcb032e59a442860829ca7da8070f27.jpg,【群馬県前橋市　 下小出北公園】,群馬県前橋市 下小出北公園,36.41610365,139.0639038848642,"下小出北公園, 前橋市, 群馬県, 日本",下小出北公園,,,下小出町三丁目,,,,前橋市,群馬県,,,日本,jp,0.95,1,© OpenStreetMap contributors,Open Database License,https://www.openstreetmap.org/copyright,
fdf88d32e9c7e22a3429f5e70a2f733762a9894e.jpg,【群馬県前橋市　 下小出北公園】,群馬県前橋市 下小出北公園,36.41610365,139.0639038848642,"下小出北公園, 前橋市, 群馬県, 日本",下小出北公園,,,下小出町三丁目,,,,前橋市,群馬県,,,日本,jp,0.95,1,© OpenStreetMap contributors,Open Database License,https://www.openstreetmap.org/copyright,
c1900d74bad2c4b11296c0d581930a1b/7d0b2b1db10772db-10/s2048x3072/f55f294804c8cb71a9667c9af816f8d8515f7758.jpg,3/7まで東急ハンズ大宮店で限定25部限定の『公園遊具さいたま』を販売してます。. 埼玉県の面白い公園遊具を載せているので、興味をお持ちの公園遊具マニアさんは是非、よろしくお願いします！！. . 330-0854 埼玉県さいたま市大宮区桜木町2-3.,埼玉県さいたま市大宮区桜木町2-3,35.907406,139.6220388,"ハンズ, さいたま市, 大宮区 330-0854, 日本",ハンズ,,330-0854,大宮区,,,,さいたま市,埼玉県,,,日本,jp,0,0.95,© OpenStreetMap contributors,Open Database License,https://www.openstreetmap.org/copyright,
1f5c1749b1db8a08288c339a1c44a520b712466f.jpg,東横インの冊子『たのやく5月号』に公園遊具のZINEを紹介してもらいました。. GW後半に東横インに宿泊する際は是非チェックを！！,Not specified,35.669836,139.707712,"Not Conventional, 東京, TK 150-0001, 日本",Not Conventional,,150-0001,渋谷区,,,TK,東京,渋谷区,,東京,日本,jp,0,,© OpenStreetMap contributors,Open Database License,https://www.openstreetmap.org/copyright,
8b994fc611a7691baefa4705a03e493e/3ccdc72641a4d6de-15/s2048x3072/f3e7926b7fd7f87bd3cb960b1e1d0bad1defb061.jpg,3年ぶりの新刊『公園遊具vol.10 多摩川住宅』　印刷しています。. 今回の印刷会社はイニュニックです。. . 5/3のまんだらけ資料性博覧会が初売り予定。,Not specified,35.669836,139.707712,"Not Conventional, 東京, TK 150-0001, 日本",Not Conventional,,150-0001,渋谷区,,,TK,東京,渋谷区,,東京,日本,jp,0,,© OpenStreetMap contributors,Open Database License,https://www.openstreetmap.org/copyright,
408a49c903ae54527fc6a35a5d747ed6740b80a2.jpg,"【展示・販売のお知らせ】. 4/9本日までまで渋谷のbunkamura gallery でグループ展に参加します。. . ★洗濯機が故障して在廊が遅くなりますが、16時から在廊予定ですので、よろしくお願いします。. ",渋谷 Bunkamura Gallery,,,,,,,,,,,,,,,,,,,,,,
144edab2354b836d9f98ff970d5c2698d5166bb7.jpg,"【展示・販売のお知らせ】. 4/9まで渋谷のbunkamura gallery でグループ展に参加します。. . . . ★在廊は. 4/9pmを予定してます。. ",渋谷 Bunkamura Gallery,,,,,,,,,,,,,,,,,,,,,,
acf3ab5c4143cf1d2cd3ccceceddaa60ee5935bd.jpg,"【展示・販売のお知らせ】. 3/29〜4／9渋谷のbunkamura gallery でグループ展に参加します。. 公園遊具のプリントも販売します。. ★藤沢　パンダ公園　ed15. . ★在廊は. 4/6pm・4/7pm・4/9pmを予定してます。. I will participate in a group exhibition at bunkamura gallery in Shibuya from March 29th to April 9th.. I also sell prints of park playground equipment. ",神奈川県藤沢市 パンダ公園,35.4075935,139.55731113605884,"パンダ公園, 港南区, 横浜市, 231-0017, 日本",パンダ公園,,231-0017,,,港南区,,横浜市,神奈川県,,,日本,jp,0.95,0.9025,© OpenStreetMap contributors,Open Database License,https://www.openstreetmap.org/copyright,
13a3bde3181365e3639ba6c8a480383791fe5aba.jpg,"【展示・販売のお知らせ】. 3/29〜4／9渋谷のbunkamura gallery でグループ展に参加します。. 公園遊具のプリントも販売します。. ★深谷　タコ公園　ed10. . ★在廊は. 4/6pm・4/7pm・4/9pmを予定してます。. I will participate in a group exhibition at bunkamura gallery in Shibuya from March 29th to April 9th.. I also sell prints of park playground equipment. ",埼玉県深谷市 タコ公園,36.1974016,139.2816997,"深谷市, 日本",,,,,,,,深谷市,埼玉県,,,日本,jp,0.25,1,© OpenStreetMap contributors,Open Database License,https://www.openstreetmap.org/copyright,
d0858e96eb7cf1776de1d9dfcadf2e9357ad5a5d.jpg,"【展示・販売のお知らせ】. 3/29〜4／9渋谷のbunkamura gallery でグループ展に参加します。. 公園遊具のプリントも販売します。. ★町田　長ぐつ公園　ed15. . ★在廊は. 4/6pm・4/7pm・4/9pmを予定してます。. I will participate in a group exhibition at bunkamura gallery in Shibuya from March 29th to April 9th.. I also sell prints of park playground equipment. ",東京都町田市 長ぐつ公園,35.5466803,139.4386999,"町田市, 日本",,,,,,,,町田市,,,,日本,jp,0.25,1,© OpenStreetMap contributors,Open Database License,https://www.openstreetmap.org/copyright,
bdabca771d600eb177ffa4b74c1e7da8342c0d91.jpg,"【展示・販売のお知らせ】. 3/29〜4／9渋谷のbunkamura gallery でグループ展に参加します。. 公園遊具のプリントも販売します。. ★川越 キノコ公園　ed15. . ★在廊は3/31の15〜17時. 4/6pm・4/7pm・4/9を予定してます。. I will participate in a group exhibition at bunkamura gallery in Shibuya from March 29th to April 9th.. I also sell prints of park playground equipment. ",埼玉県川越市 キノコ公園,36.07480265,140.0305933261537,"Kinoko Farm, 土浦坂東線, 下別府, つくば市, 300-2662, 日本",Kinoko Farm,土浦坂東線,300-2662,,,下別府,,つくば市,茨城県,,,日本,jp,0,,© OpenStreetMap contributors,Open Database License,https://www.openstreetmap.org/copyright,
3b5760ef6a450adbbda467fbf4eff5d6739c7e22.jpg,"【展示・販売のお知らせ】. 3/29〜4／9渋谷のbunkamura gallery でグループ展に参加します。. 公園遊具のプリントも販売します。. ★海獣滑り台　ed15. . ★在廊は3/31の15〜17時. 4/6pm・4/7pm・4/9を予定してます。. I will participate in a group exhibition at bunkamura gallery in Shibuya from March 29th to April 9th.. I also sell prints of park playground equipment. ",渋谷 Bunkamura Gallery,,,,,,,,,,,,,,,,,,,,,,
2d708b5d8afb895ac27b5669e0f27c26f2d38ad4.jpg,"【展示・販売のお知らせ】. 3/29〜4／9渋谷のbunkamura gallery でグループ展に参加します。. 公園遊具のプリントも販売します。. ★鬼公園　ed15. . I will participate in a group exhibition at bunkamura gallery in Shibuya from March 29th to April 9th.. I also sell prints of park playground equipment. ",渋谷 Bunkamura Gallery,,,,,,,,,,,,,,,,,,,,,,
8c87a73ef08e30693326a2393685c6065e25e580.jpg,"【展示・販売のお知らせ】. 3/29〜4／9渋谷のbunkamura gallery でグループ展に参加します。. 公園遊具のプリントも販売します。. ★ロボット公園　ed15. . I will participate in a group exhibition at bunkamura gallery in Shibuya from March 29th to April 9th.. I also sell prints of park playground equipment. ",愛知県岡崎市 大樹寺公園,34.9849313,137.15365327603376,"大樹寺公園, 岡崎市, 愛知県, 日本",大樹寺公園,,,大門五丁目,,,,岡崎市,愛知県,,,日本,jp,0.95,0.95,© OpenStreetMap contributors,Open Database License,https://www.openstreetmap.org/copyright,
8da13b74c49b0b52c2bb2d025ca0cbc4e1c59670.jpg,【多摩川住宅ハ号棟】　. . 【お知らせ①】多摩川住宅の写真展を調布で開催したいので、興味のあるお店・ギャラリーの方はお声がけください。. . 【お知らせ②】渋谷のbunkamuraギャラリーで3月29日からグループ展に参加しますので、春休みにお時間のある方はお越しください。,東京都調布市 多摩川住宅ハ号棟,,,,,,,,,,,,,,,,,,,,,,
b4129c6484d8756043410c0bfbf4f26ad95b988e.jpg,"【多摩川住宅ニ号棟】　. 来年の春には住民の方が退去されます。建替え工事します。. . 【お知らせ①】多摩川住宅の写真展を調布で開催したいので、興味のあるお店・ギャラリーの方はお声がけください。. . 【お知らせ②】渋谷のbunkamuraギャラリーで3月28日からグループ展に参加しますので、春休みにお時間のある方はお越しください。. ",東京都調布市 多摩川住宅ニ号棟,,,,,,,,,,,,,,,,,,,,,,
e3b0f0cb12933b8f72eefd2d313c0b941b4efe26.jpg,【東京都狛江市多摩川住宅ニ号棟 中央公園】. ★調布市内で多摩川住宅の公園遊具の写真展をしたいので、調布市内で興味をお持ちのギャラリー、お店の方お声がけください。. ★3月末から渋谷のブンカムラギャラリーでグループ展をします。公園遊具の写真も展示しますよ。,東京都狛江市 多摩川住宅ニ号棟 中央公園,37.521422,139.87441,"中央公園, 会津若松市, FS 965-0062, 日本",中央公園,,965-0062,,AZ,,FS,会津若松市,会津若松市,,福島,日本,jp,0.475,,© OpenStreetMap contributors,Open Database License,https://www.openstreetmap.org/copyright,
96ed6c5237f5bcbdffbfa4b2ff48521c5af09a67.jpg,【東京都狛江市多摩川住宅ニ号棟 中央公園】. ★調布市内で多摩川住宅の公園遊具の写真展をしたいので、調布市内で興味をお持ちのギャラリー、お店の方お声がけください。. ★3月末から渋谷のブンカムラギャラリーでグループ展をします。公園遊具の写真も展示しますよ。,東京都狛江市 多摩川住宅ニ号棟 中央公園,37.521422,139.87441,"中央公園, 会津若松市, FS 965-0062, 日本",中央公園,,965-0062,,AZ,,FS,会津若松市,会津若松市,,福島,日本,jp,0.475,,© OpenStreetMap contributors,Open Database License,https://www.openstreetmap.org/copyright,
6615e4de55044373679e4937e3df7a9bc07f57e7.jpg,【東京都江戸川区ろばさん児童公園】. ★1/14・1/15は大阪に行きますが、雨の為に高架下の公園を撮影予定です。. どこか良い高架下のコンクリート遊具がありましたらご連絡ください！！.,東京都江戸川区 ろばさん児童公園,,,,,,,,,,,,,,,,,,,,,,
1965d69c8391b1878fa61c3f6fc85007b3edd34a.jpg,東京都狛江市多摩川住宅ニ号棟. 中央公園. ※多摩川住宅ニ号等も建替えが決定しました。. ★多摩川住宅の写真展をしたいので、調布市・狛江市で団地の公園遊具の写真展を開催できるスペースを探してます。オススメの場所などありましたらご連絡ください！,東京都狛江市 多摩川住宅ニ号棟 中央公園,37.521422,139.87441,"中央公園, 会津若松市, FS 965-0062, 日本",中央公園,,965-0062,,AZ,,FS,会津若松市,会津若松市,,福島,日本,jp,0.475,,© OpenStreetMap contributors,Open Database License,https://www.openstreetmap.org/copyright,
256d3ae5818a16876fda06e9abc69c3a91691495d.jpg,千葉県東金市 東金中央公園. . http://fujiopanda.theshop.jp.,千葉県東金市 東金中央公園,34.2055469,131.6672587,"市 (山口市), 日本",,,,,,,,山口市,山口県,,,日本,jp,0.2375,0.95,© OpenStreetMap contributors,Open Database License,https://www.openstreetmap.org/copyright,
379e4dbe7bec07f50c904fcef983ec7444a2a694.jpg,千葉県浦安市 漁業記念公園　. . http://fujiopanda.theshop.jp.,千葉県浦安市 漁業記念公園,35.635303050000005,139.91188350949238,"カメ公園, 浦安市, 千葉県, 日本",カメ公園,,,高洲三丁目,,,,浦安市,千葉県,,,日本,jp,0.95,1,© OpenStreetMap contributors,Open Database License,https://www.openstreetmap.org/copyright,
1f321ca439219ecec330a8031630ec81e7b2d99a.jpg,神戸市須磨区　天井川公園　(カエルは新型になってます). . ★ 4/6までネットショップでSALEをしてます。. 屋上遊園地・公園遊具・銭湯・プラレール ・相模原などのZINEが10~50%オフ！. https://fujiopanda.theshop.jp.,神戸市須磨区 天井川公園,34.6506419,135.12793753759888,"天井川公園, 須磨区, 神戸市, 稲葉町一丁目 654-0036, 日本",天井川公園,,654-0036,稲葉町一丁目,,須磨区,,神戸市,兵庫県,,,日本,jp,1,1,© OpenStreetMap contributors,Open Database License,https://www.openstreetmap.org/copyright,
9346c851dea508ea6215f60c24e41bcada6ea866.jpg,神戸市須磨区　天井川公園　(カエルは新型になってます). . ★ 4/6までネットショップでSALEをしてます。. 屋上遊園地・公園遊具・銭湯・プラレール ・相模原などのZINEが10~50%オフ！. https://fujiopanda.theshop.jp.,神戸市須磨区 天井川公園,34.6506419,135.12793753759888,"天井川公園, 須磨区, 神戸市, 稲葉町一丁目 654-0036, 日本",天井川公園,,654-0036,稲葉町一丁目,,須磨区,,神戸市,兵庫県,,,日本,jp,1,1,© OpenStreetMap contributors,Open Database License,https://www.openstreetmap.org/copyright,
6e8d16e95b19bd62eee4e39b456c5f52baf57b19.jpg,大阪府 堺市 北区　新金岡　とら公園. . ★ 4/6までネットショップでSALEをしてます。. 屋上遊園地・公園遊具・銭湯・プラレール ・相模原などのZINEが10~50%オフ！. https://fujiopanda.theshop.jp.,大阪府堺市北区 新金岡 とら公園,34.712209,135.50565,"北区, 大阪市, 日本",,,,,,北区,,大阪市,大阪府,,,日本,jp,0.2375,0.95,© OpenStreetMap contributors,Open Database License,https://www.openstreetmap.org/copyright,
676b89b8cd20463577f74e172b52ff483b652b4e.jpg,11月21日には新刊の『公園遊具vol.11』をネット販売いたします。. 今回は沖縄・兵庫・千葉・埼玉・東京などの公園を掲載してます！. 気になる方はぜひ！. https://fujiopanda.theshop.jp. . ※写真は『公園遊具vol.5』掲載の名古屋市 白川公園.,名古屋市 白川公園,35.16409,136.899509,"白川公園, 名古屋, AI 460-0008, 日本",,白川公園,460-0008,,NG,,AI,名古屋,名古屋市,,愛知,日本,jp,1,1,© OpenStreetMap contributors,Open Database License,https://www.openstreetmap.org/copyright,
4aef81e52d27313e3af7cf8fe1e1530ddd1cd6e7.jpg,新刊の『公園遊具vol.11』初売りは11月28〜12月1日開催のTABFです。. ネット販売は今週中にします。. . 今回は沖縄・兵庫・千葉・埼玉・東京などの公園を掲載してます！. 気になる方はぜひ！. https://fujiopanda.theshop.jp.,東京アートブックフェア,,,,,,,,,,,,,,,,,,,,,,
72d31d23c1347f86e64618b2882e7780b7c466c6.jpg,11月21日には新刊の『公園遊具vol.11』をネット販売いたします。. 今回は沖縄・兵庫・千葉・埼玉・東京などの公園を掲載してます！. 気になる方はぜひ！. https://fujiopanda.theshop.jp. . ※写真は『公園遊具vol.5』開催の足立区 千住ほんちょうこ公園.,足立区 千住ほんちょうこ公園,35.796582,139.792667,"足立区 ふれんどりぃ, 東京, TK 121-0813, 日本",足立区 ふれんどりぃ,,121-0813,足立区,AD,,TK,東京,あだち,,東京,日本,jp,0,1,© OpenStreetMap contributors,Open Database License,https://www.openstreetmap.org/copyright,
5deeab69873c686435a3f1dffb8a39298cb43ec0.jpg,校正も終わり本日、入稿します。. 公園遊具シリーズ、第11巻は11月下旬の東京アートブックフェアが初売り予定です。. 沖縄・兵庫・大阪・東京・埼玉・千葉・の公園を掲載。. . The proofreading is finished and I will submit the manuscript today.. Volume 11 of the Park Playground Equipment series is scheduled to go on sale for the first time at the Tokyo Art Book Fair in late November.. It features parks in Okinawa," Hyogo",34.914934,134.860666,"兵庫県, 日本",,,,,,,,,兵庫県,,,日本,jp,1,,© OpenStreetMap contributors,Open Database License,https://www.openstreetmap.org/copyright," Osaka, Tokyo, Saitama, and Chiba.. ,東京アートブックフェア"
7e3fac705f5ffbc5e61026bd4a27e4c3557ab804.jpg,【多摩川住宅ニ号棟】　. . 【お取扱い販売店】宮城県栗原市 六日町ナマケモノ書店 にて新刊の『公園遊具vol.10』を販売してます。. 東北で公園遊具シリーズに興味をお持ちの方は是非！！. .,宮城県栗原市 六日町ナマケモノ書店,38.830617,140.99044,"六日町ナマケモノ書店, 栗原市, MG 989-5301, 日本",六日町ナマケモノ書店,,989-5301,,KH,,MG,栗原市,栗原市,,宮城,日本,jp,1,0.95,© OpenStreetMap contributors,Open Database License,https://www.openstreetmap.org/copyright,
c3fc7d9004aa41f40b822b7e223243c868dd9792.jpg,"【多摩川住宅ホ号棟】　. . 【お知らせ】多摩川住宅の写真展を調布・狛江で開催したいので、興味のあるお店・ギャラリーの方はお声がけください。. ",東京都調布市 多摩川住宅ホ号棟,,,,,,,,,,,,,,,,,,,,,,
688396f1894958ce95c007301c09ebedb0d770d0.jpg,【浦和PARCOZINEフェスティバル参加します】. ★8/19浦和PARCOで開催のZINEフェスティバルに参加します。. 新刊の『公園遊具vol.10 多摩川住宅』ほか屋上遊園地の本を販売します。. 埼玉県でのZINEイベントは初なので埼玉県民の方で興味をお持ちの方は是非！,浦和PARCO,,,,,,,,,,,,,,,,,,,,,,
7c1e338394462ecb04f48aa7e1405d380ff97dfe.jpg,【浦和PARCOZINEフェスティバル参加します】. ★8/19浦和PARCOで開催のZINEフェスティバルに参加します。. 新刊の『公園遊具vol.10 多摩川住宅』ほか屋上遊園地の本を販売します。. 埼玉県でのZINEイベントは初なので埼玉県民の方で興味をお持ちの方は是非！,浦和PARCO,,,,,,,,,,,,,,,,,,,,,,
203e218137aaa1181db12a04b84006a009564122.jpg,【コミケ参加します】. ★8/13のコミケに参加します。場所は「東5ホール ピ-48a」. ★8/12 大崎おもしろ同人誌バザール. ★8/19 浦和パルコZINEフェスティバル. 参加します。. 新刊の『公園遊具vol.10 多摩川住宅』ほか屋上遊園地の本を販売します。. また、コミケに新刊相模原市の写真集『さがみっぱら1 』が間に合いませんので、ブースに来ていただいた方にネットショップ先行予約が出来るようにしますので、是非お越しください。,東京国際展示場,35.632053299999995,139.79780484581005,"東京国際展示場, 江東区, 日本",東京国際展示場,,,,,東京国際展示場,,江東区,,,,日本,jp,1,1,© OpenStreetMap contributors,Open Database License,https://www.openstreetmap.org/copyright,"大崎おもしろ同人誌バザール,浦和PARCO"
7879bc496722538f7ac771bc8fe477bcb5182a32.jpg,【コミケ参加します】. ★8/13のコミケに参加します。場所は「東5ホール ピ-48a」. ★8/12 大崎おもしろ同人誌バザール. ★8/19 浦和パルコZINEフェスティバル. 参加します。. 新刊の『公園遊具vol.10 多摩川住宅』ほか屋上遊園地の本を販売します。. また、コミケに新刊相模原市の写真集『さがみっぱら1 』が間に合いませんので、ブースに来ていただいた方にネットショップ先行予約が出来るようにしますので、是非お越しください。,東京国際展示場,35.632053299999995,139.79780484581005,"東京国際展示場, 江東区, 日本",東京国際展示場,,,,,東京国際展示場,,江東区,,,,日本,jp,1,1,© OpenStreetMap contributors,Open Database License,https://www.openstreetmap.org/copyright,"大崎おもしろ同人誌バザール,浦和PARCO"
3455f7ebb92d20c407088178fd07b54e26d88b83.jpg,【コミケ参加します】. ★8/13のコミケに参加します。場所は「東5ホール ピ-48a」. ★8/12 大崎おもしろ同人誌バザール. ★8/19 浦和パルコZINEフェスティバル. 参加します。. 新刊の『公園遊具vol.10 多摩川住宅』ほか屋上遊園地の本を販売します。. また、コミケに新刊相模原市の写真集『さがみっぱら1 』が間に合いませんので、ブースに来ていただいた方にネットショップ先行予約が出来るようにしますので、是非お越しください.,東京国際展示場,35.632053299999995,139.79780484581005,"東京国際展示場, 江東区, 日本",東京国際展示場,,,,,東京国際展示場,,江東区,,,,日本,jp,1,1,© OpenStreetMap contributors,Open Database License,https://www.openstreetmap.org/copyright,"大崎おもしろ同人誌バザール,浦和PARCO"
32d59df8ddc2b72538924e757d3a7ffb4628577a.jpg,多摩川住宅の公園遊具の写真を調布市・狛江市内で展示したいので、興味をお持ちの店舗・ギャラリーの方はご連絡ください！！,Not specified,35.669836,139.707712,"Not Conventional, 東京, TK 150-0001, 日本",Not Conventional,,150-0001,渋谷区,,,TK,東京,渋谷区,,東京,日本,jp,0,,© OpenStreetMap contributors,Open Database License,https://www.openstreetmap.org/copyright,
676b89b8cd20463577f74e172b52ff483b652b4e.jpg,11月21日には新刊の『公園遊具vol.11』をネット販売いたします。. 今回は沖縄・兵庫・千葉・埼玉・東京などの公園を掲載してます！. 気になる方はぜひ！. https://fujiopanda.theshop.jp. . ※写真は『公園遊具vol.5』掲載の名古屋市 白川公園.,名古屋市 白川公園,35.16409,136.899509,"白川公園, 名古屋, AI 460-0008, 日本",,白川公園,460-0008,,NG,,AI,名古屋,名古屋市,,愛知,日本,jp,1,1,© OpenStreetMap contributors,Open Database License,https://www.openstreetmap.org/copyright,
72d31d23c1347f86e64618b2882e7780b7c466c6.jpg,11月21日には新刊の『公園遊具vol.11』をネット販売いたします。. 今回は沖縄・兵庫・千葉・埼玉・東京などの公園を掲載してます！. 気になる方はぜひ！. https://fujiopanda.theshop.jp. . ※写真は『公園遊具vol.5』開催の足立区 千住ほんちょうこ公園.,足立区 千住ほんちょうこ公園,35.796582,139.792667,"足立区 ふれんどりぃ, 東京, TK 121-0813, 日本",足立区 ふれんどりぃ,,121-0813,足立区,AD,,TK,東京,あだち,,東京,日本,jp,0,1,© OpenStreetMap contributors,Open Database License,https://www.openstreetmap.org/copyright,
66eb6b3707d6854f01bfc30a2cb89a81b4a1aebb.jpg,東京都　品川区　子供の森公園. . 公園遊具ZINE発売してます。. https://fujiopanda.theshop.jp.,東京都品川区 子供の森公園,35.616474,139.737698,"子供の森公園, 北品川, 品川区, TK 140-0005, 日本",,子供の森公園,140-0005,北品川三丁目,,北品川,TK,品川区,品川区,,東京,日本,jp,0.95,0.95,© OpenStreetMap contributors,Open Database License,https://www.openstreetmap.org/copyright,
08831ea59e625b327f904cf66093e12978617e39.jpg,東京都　品川区　子供の森公園. . 公園遊具ZINE発売してます。. https://fujiopanda.theshop.jp.,東京都品川区 子供の森公園,35.616474,139.737698,"子供の森公園, 北品川, 品川区, TK 140-0005, 日本",,子供の森公園,140-0005,北品川三丁目,,北品川,TK,品川区,品川区,,東京,日本,jp,0.95,0.95,© OpenStreetMap contributors,Open Database License,https://www.openstreetmap.org/copyright,
22851f29a34550d10e6ffd9e2cfd644898ce39a3.jpg,兵庫県姫路市 津田公園. . 公園遊具ZINE発売してます。. https://fujiopanda.theshop.jp.,兵庫県姫路市 津田公園,34.2055469,131.6672587,"市 (山口市), 日本",,,,,,,,山口市,山口県,,,日本,jp,0.2375,0.95,© OpenStreetMap contributors,Open Database License,https://www.openstreetmap.org/copyright,
1bf0e8c77763f99220931d6d3375fb26a70db94d.jpg,兵庫県姫路市 津田公園. . 公園遊具ZINE発売してます。. https://fujiopanda.theshop.jp.,兵庫県姫路市 津田公園,34.2055469,131.6672587,"市 (山口市), 日本",,,,,,,,山口市,山口県,,,日本,jp,0.2375,0.95,© OpenStreetMap contributors,Open Database License,https://www.openstreetmap.org/copyright,
4aef81e52d27313e3af7cf8fe1e1530ddd1cd6e7.jpg,新刊の『公園遊具vol.11』初売りは11月28〜12月1日開催のTABFです。. ネット販売は今週中にします。. . 今回は沖縄・兵庫・千葉・埼玉・東京などの公園を掲載してます！. 気になる方はぜひ！. https://fujiopanda.theshop.jp.,東京アートブックフェア,,,,,,,,,,,,,,,,,,,,,,
c26d70fd0355d850f6f8d2b7d239c36dea3e0fff.jpg,【北区 赤羽台団地 】. 『公園遊具vol.1』に掲載.,東京都北区 赤羽台団地,,,,,,,,,,,,,,,,,,,,,,
379e4dbe7bec07f50c904fcef983ec7444a2a694.jpg,千葉県浦安市 漁業記念公園　. . http://fujiopanda.theshop.jp.,千葉県浦安市 漁業記念公園,35.635303050000005,139.91188350949238,"カメ公園, 浦安市, 千葉県, 日本",カメ公園,,,高洲三丁目,,,,浦安市,千葉県,,,日本,jp,0.95,1,© OpenStreetMap contributors,Open Database License,https://www.openstreetmap.org/copyright,
1f321ca439219ecec330a8031630ec81e7b2d99a.jpg,神戸市須磨区　天井川公園　(カエルは新型になってます). . ★ 4/6までネットショップでSALEをしてます。. 屋上遊園地・公園遊具・銭湯・プラレール ・相模原などのZINEが10~50%オフ！. https://fujiopanda.theshop.jp.,神戸市須磨区 天井川公園,34.6506419,135.12793753759888,"天井川公園, 須磨区, 神戸市, 稲葉町一丁目 654-0036, 日本",天井川公園,,654-0036,稲葉町一丁目,,須磨区,,神戸市,兵庫県,,,日本,jp,1,1,© OpenStreetMap contributors,Open Database License,https://www.openstreetmap.org/copyright,